2theta,intensity,b1,b2,h,k,l,phase,phase_idx
13.374690019505723,36.85655537670269,0.0048945,8.341699240000001e-12,1,1,0,CaNi(PO3)4_15_sym,0
14.30113361747742,1004.3198292472598,0.0048945,1.094418724e-11,1,1,-1,CaNi(PO3)4_15_sym,0
16.858555399214474,21.811936587448496,0.0048945,2.1276078759999996e-11,2,0,0,CaNi(PO3)4_15_sym,0
19.17089632399349,507.01695922651555,0.0048945,3.568628644e-11,1,1,1,CaNi(PO3)4_15_sym,0
19.673642864337534,311.8780043455016,0.0048945,3.959429776e-11,2,0,-2,CaNi(PO3)4_15_sym,0
20.76420595495136,81.03372709687586,0.0048945,4.915412100000001e-11,0,0,2,CaNi(PO3)4_15_sym,0
21.09094392839277,734.6759865351768,0.0048945,5.2324968959999994e-11,1,1,-2,CaNi(PO3)4_15_sym,0
20.65946358580284,10.779115176972919,0.0048945,4.8167764090000005e-11,0,2,0,CaNi(PO3)4_15_sym,0
23.12269022393691,21.35927540543262,0.0048945,7.556998761e-11,0,2,1,CaNi(PO3)4_15_sym,0
24.64131590108138,531.606450234612,0.0048945,9.737150329000001e-11,3,1,-1,CaNi(PO3)4_15_sym,0
25.59306759084675,95.03353396390206,0.0048945,1.1320959999999999e-10,2,2,-1,CaNi(PO3)4_15_sym,0
26.17700101823957,543.4287762694182,0.0048945,1.2383238399999998e-10,3,1,-2,CaNi(PO3)4_15_sym,0
26.67665198275651,266.2353511559759,0.0048945,1.3347180899999998e-10,2,2,0,CaNi(PO3)4_15_sym,0
27.831507780897176,59.123959700914284,0.0048945,1.5787922500000001e-10,1,1,2,CaNi(PO3)4_15_sym,0
27.321956045814638,590.2574126774565,0.0048945,1.4672476900000002e-10,3,1,0,CaNi(PO3)4_15_sym,0
28.56986798735263,50.38508341485969,0.0048945,1.75112289e-10,2,2,-2,CaNi(PO3)4_15_sym,0
29.345105121683865,2236.3691117253875,0.0048945,1.9463040100000002e-10,0,2,2,CaNi(PO3)4_15_sym,0
30.09629118116938,2.4552898229908537,0.0048945,2.15062225e-10,1,1,-3,CaNi(PO3)4_15_sym,0
30.235904995757856,3.5072026514884374,0.0048945,2.19010401e-10,4,0,-2,CaNi(PO3)4_15_sym,0
31.35133990710902,434.2027769073493,0.0048945,2.5258744899999997e-10,3,1,-3,CaNi(PO3)4_15_sym,0
31.429882086171027,17.16967849358069,0.0048945,2.55072841e-10,2,2,1,CaNi(PO3)4_15_sym,0
32.40064599689472,2.748717585113553,0.0048945,2.8747202499999996e-10,2,0,2,CaNi(PO3)4_15_sym,0
32.219182798468225,41.37579213533394,0.0048945,2.8119936100000006e-10,1,3,0,CaNi(PO3)4_15_sym,0
32.62781155002152,20.937863641575166,0.0048945,2.9546172100000004e-10,1,3,-1,CaNi(PO3)4_15_sym,0
33.275864797947335,23.21032915363893,0.0048945,3.1915822499999996e-10,3,1,1,CaNi(PO3)4_15_sym,0
33.82865900072606,490.78916919540063,0.0048945,3.4040250000000006e-10,4,0,0,CaNi(PO3)4_15_sym,0
34.64472739529361,1.8435860371470336,0.0048945,3.7368756099999996e-10,2,2,-3,CaNi(PO3)4_15_sym,0
35.12209853771117,68.34357356125942,0.0048945,3.94181316e-10,1,3,1,CaNi(PO3)4_15_sym,0
37.016404603557525,2.3435837311766887,0.0048945,4.83736036e-10,2,0,-4,CaNi(PO3)4_15_sym,0
36.247927337737764,0.8613440127549447,0.0048945,4.458009960000001e-10,1,3,-2,CaNi(PO3)4_15_sym,0
37.59013096376877,27.97068924163445,0.0048945,5.135209209999999e-10,1,1,3,CaNi(PO3)4_15_sym,0
36.79523954288491,368.52642895299397,0.0048945,4.72584121e-10,4,2,-2,CaNi(PO3)4_15_sym,0
37.63596538157558,101.18441945785969,0.0048945,5.159712249999999e-10,0,2,3,CaNi(PO3)4_15_sym,0
36.85868971163215,16.42622534011323,0.0048945,4.75763344e-10,4,2,-1,CaNi(PO3)4_15_sym,0
38.63160088083993,34.23860805868316,0.0048945,5.709710250000001e-10,2,2,2,CaNi(PO3)4_15_sym,0
38.855148117875565,0.9644766402965177,0.0048945,5.83898896e-10,3,1,-4,CaNi(PO3)4_15_sym,0
38.509015723616926,3.515046455306571,0.0048945,5.63967504e-10,3,3,-1,CaNi(PO3)4_15_sym,0
40.03341365461689,102.31597758140887,0.0048945,6.55411201e-10,1,1,-4,CaNi(PO3)4_15_sym,0
38.924025792808095,0.12506990298356585,0.0048945,5.87917009e-10,5,1,-2,CaNi(PO3)4_15_sym,0
39.68275676319581,26.944991887417757,0.0048945,6.334785609999999e-10,4,0,-4,CaNi(PO3)4_15_sym,0
39.68465334668085,14.29680662873907,0.0048945,6.33629584e-10,4,2,-3,CaNi(PO3)4_15_sym,0
39.55109431113461,5.916201913951244,0.0048945,6.25400064e-10,3,3,-2,CaNi(PO3)4_15_sym,0
39.862880108586445,39.124395073096125,0.0048945,6.447028810000001e-10,4,2,0,CaNi(PO3)4_15_sym,0
40.07512686928108,197.25212831659974,0.0048945,6.58076409e-10,5,1,-1,CaNi(PO3)4_15_sym,0
40.71234086034452,11.03339889022114,0.0048945,6.99390916e-10,1,3,2,CaNi(PO3)4_15_sym,0
40.35063623436136,71.86983334478944,0.0048945,6.756880359999999e-10,3,3,0,CaNi(PO3)4_15_sym,0
40.63319384744245,27.242183860022063,0.0048945,6.94111716e-10,5,1,-3,CaNi(PO3)4_15_sym,0
41.24883905109535,21.273816658394512,0.0048945,7.35548641e-10,3,1,2,CaNi(PO3)4_15_sym,0
41.97222941315915,28.628404337843335,0.0048945,7.864659360000001e-10,0,0,4,CaNi(PO3)4_15_sym,0
42.660759420026274,21.861788236470268,0.0048945,8.37176356e-10,2,2,-4,CaNi(PO3)4_15_sym,0
41.75176715236907,64.06988522698866,0.0048945,7.706731210000001e-10,0,4,0,CaNi(PO3)4_15_sym,0
42.360932190101664,377.55555998128244,0.0048945,8.14817025e-10,1,3,-3,CaNi(PO3)4_15_sym,0
43.30137759837829,7.943281238670615,0.0048945,8.86491076e-10,3,3,-3,CaNi(PO3)4_15_sym,0
43.10410845973363,25.59828334565321,0.0048945,8.710761959999999e-10,0,4,1,CaNi(PO3)4_15_sym,0
43.89771997940323,3.8072637475527675,0.0048945,9.34158096e-10,5,1,0,CaNi(PO3)4_15_sym,0
44.77737507700751,4.285704316468646,0.0048945,1.007745025e-09,3,3,1,CaNi(PO3)4_15_sym,0
44.92963094561263,0.11879701764860456,0.0048945,1.0209303040000002e-09,5,1,-4,CaNi(PO3)4_15_sym,0
45.046014217073996,0.3352181003891676,0.0048945,1.0310521000000001e-09,4,2,-4,CaNi(PO3)4_15_sym,0
44.567057843993744,25.943577598719834,0.0048945,9.897945210000002e-10,2,4,-1,CaNi(PO3)4_15_sym,0
45.31365556201219,38.094697113881935,0.0048945,1.0546256250000002e-09,4,2,1,CaNi(PO3)4_15_sym,0
45.239890687911505,8.641831049314419,0.0048945,1.0480758759999998e-09,2,4,0,CaNi(PO3)4_15_sym,0
45.35461301246347,72.85177047973157,0.0048945,1.0582659609999998e-09,6,0,-2,CaNi(PO3)4_15_sym,0
47.12190693713615,45.697884825217365,0.0048945,1.2238802560000003e-09,0,2,4,CaNi(PO3)4_15_sym,0
46.457800157201895,0.3376018698688245,0.0048945,1.1596749160000002e-09,2,4,-2,CaNi(PO3)4_15_sym,0
47.362884563643384,31.560356632240406,0.0048945,1.247784976e-09,2,2,3,CaNi(PO3)4_15_sym,0
47.7965276743243,60.823164479107504,0.0048945,1.2916836e-09,3,1,-5,CaNi(PO3)4_15_sym,0
48.023149773561435,2.4671922958402246,0.0048945,1.315005169e-09,1,1,4,CaNi(PO3)4_15_sym,0
46.97128330919097,19.503216342767285,0.0048945,1.209091984e-09,0,4,2,CaNi(PO3)4_15_sym,0
47.92541653036524,19.825112337128793,0.0048945,1.304943376e-09,4,0,2,CaNi(PO3)4_15_sym,0
48.21776049817546,48.59798179815302,0.0048945,1.3353177639999998e-09,1,3,3,CaNi(PO3)4_15_sym,0
48.39203854069951,32.380189411982926,0.0048945,1.3536512640000002e-09,2,4,1,CaNi(PO3)4_15_sym,0
48.93062235855692,0.6093056801859857,0.0048945,1.4115049e-09,6,0,-4,CaNi(PO3)4_15_sym,0
49.256999808573035,32.0352567530864,0.0048945,1.4473459359999997e-09,3,3,-4,CaNi(PO3)4_15_sym,0
50.61460864169491,38.56957403366212,0.0048945,1.6034418490000002e-09,1,1,-5,CaNi(PO3)4_15_sym,0
50.23608776407619,109.80235722866958,0.0048945,1.558828324e-09,1,3,-4,CaNi(PO3)4_15_sym,0
49.31394504546642,21.505679678310678,0.0048945,1.4536681290000002e-09,5,3,-2,CaNi(PO3)4_15_sym,0
50.50725149805497,1.9650711631439859,0.0048945,1.5906536889999998e-09,3,1,3,CaNi(PO3)4_15_sym,0
49.89636361525028,43.36364273453696,0.0048945,1.5195183609999998e-09,5,1,1,CaNi(PO3)4_15_sym,0
50.228892635126165,0.9485284897916354,0.0048945,1.5579598410000001e-09,6,2,-2,CaNi(PO3)4_15_sym,0
50.270938554673045,24.096077731113148,0.0048945,1.5628580890000002e-09,5,3,-1,CaNi(PO3)4_15_sym,0
50.687842824700226,15.178476841794645,0.0048945,1.6121831039999998e-09,2,4,-3,CaNi(PO3)4_15_sym,0
51.2969182851853,7.238581421988251,0.0048945,1.686087844e-09,5,1,-5,CaNi(PO3)4_15_sym,0
50.738403124946096,103.85952580515824,0.0048945,1.618211529e-09,5,3,-3,CaNi(PO3)4_15_sym,0
51.256655127256636,77.20058095264821,0.0048945,1.6811640039999998e-09,3,3,2,CaNi(PO3)4_15_sym,0
51.947477431805105,0.6623768622197469,0.0048945,1.767697936e-09,2,2,-5,CaNi(PO3)4_15_sym,0
50.745650284659455,8.674193023494311,0.0048945,1.6190966440000002e-09,6,2,-3,CaNi(PO3)4_15_sym,0
52.78448794890329,15.888862228214547,0.0048945,1.876535761e-09,2,0,4,CaNi(PO3)4_15_sym,0
51.596668211907584,3.719763984260673,0.0048945,1.723329169e-09,6,0,0,CaNi(PO3)4_15_sym,0
52.28313453508153,32.80323758356781,0.0048945,1.8107578089999997e-09,4,2,-5,CaNi(PO3)4_15_sym,0
52.61799732413872,168.01320098003794,0.0048945,1.8545080959999999e-09,4,2,2,CaNi(PO3)4_15_sym,0
52.05698019536995,15.173760261536888,0.0048945,1.7816840999999999e-09,6,2,-1,CaNi(PO3)4_15_sym,0
52.28771882061023,3.040344831262429,0.0048945,1.8113535999999999e-09,4,4,-2,CaNi(PO3)4_15_sym,0
52.92600994984426,5.561866092478028,0.0048945,1.8953832959999998e-09,0,4,3,CaNi(PO3)4_15_sym,0
52.33564668704509,1.8826925571213269,0.0048945,1.8175726890000002e-09,4,4,-1,CaNi(PO3)4_15_sym,0
53.69074931852518,2.2811363242516607,0.0048945,1.9995206559999996e-09,2,4,2,CaNi(PO3)4_15_sym,0
53.55790769242745,27.46556213935091,0.0048945,1.9811401e-09,6,2,-4,CaNi(PO3)4_15_sym,0
53.515365334518705,7.503943309978392,0.0048945,1.9752691359999997e-09,5,3,0,CaNi(PO3)4_15_sym,0
53.57078622374698,12.267036025185531,0.0048945,1.9829209000000003e-09,1,5,0,CaNi(PO3)4_15_sym,0
53.84151596896077,148.8770025076005,0.0048945,2.0205025e-09,1,5,-1,CaNi(PO3)4_15_sym,0
54.40716229599981,1.838505454259274,0.0048945,2.1005722239999996e-09,5,3,-4,CaNi(PO3)4_15_sym,0
54.50962105347501,5.746265710558071,0.0048945,2.115356049e-09,4,4,-3,CaNi(PO3)4_15_sym,0
54.530285123578814,44.136045267112316,0.0048945,2.1183006250000002e-09,7,1,-3,CaNi(PO3)4_15_sym,0
54.649202782110564,70.39059695912286,0.0048945,2.1355489439999997e-09,4,4,0,CaNi(PO3)4_15_sym,0
54.89048228956503,99.97378590245748,0.0048945,2.170721281e-09,7,1,-2,CaNi(PO3)4_15_sym,0
56.75598280444444,0.032273219487154184,0.0048945,2.4563918439999997e-09,4,0,-6,CaNi(PO3)4_15_sym,0
55.53867726988178,5.41955003260997,0.0048945,2.267283456e-09,1,5,1,CaNi(PO3)4_15_sym,0
57.18800962641315,26.192917634702944,0.0048945,2.525967081e-09,2,2,4,CaNi(PO3)4_15_sym,0
56.064916484649984,20.22487926112084,0.0048945,2.347790116e-09,6,2,0,CaNi(PO3)4_15_sym,0
57.49626748516212,1.7901243641494478,0.0048945,2.576476081e-09,0,2,5,CaNi(PO3)4_15_sym,0
56.91652637644139,112.24462653280834,0.0048945,2.482132041e-09,3,3,-5,CaNi(PO3)4_15_sym,0
57.11676249448677,1.660168204632784,0.0048945,2.514420736e-09,1,3,4,CaNi(PO3)4_15_sym,0
57.780824310906,1.6613291638802306,0.0048945,2.623693284e-09,3,1,-6,CaNi(PO3)4_15_sym,0
56.384301026942545,27.279748029475876,0.0048945,2.3975712250000004e-09,7,1,-4,CaNi(PO3)4_15_sym,0
56.8760726032303,23.35908862399909,0.0048945,2.475560025e-09,2,4,-4,CaNi(PO3)4_15_sym,0
56.328685919563746,14.295588017662155,0.0048945,2.388863376e-09,1,5,-2,CaNi(PO3)4_15_sym,0
58.08479468534338,28.961032767190222,0.0048945,2.674751524e-09,2,0,-6,CaNi(PO3)4_15_sym,0
57.58478894041739,0.3852673389415999,0.0048945,2.5911154089999995e-09,5,1,2,CaNi(PO3)4_15_sym,0
59.09067366321408,14.644509700284013,0.0048945,2.848463641e-09,1,1,5,CaNi(PO3)4_15_sym,0
57.43678739364764,26.923631620533882,0.0048945,2.5666382439999995e-09,7,1,-1,CaNi(PO3)4_15_sym,0
58.43308791863801,34.81067180880832,0.0048945,2.7340349439999998e-09,6,2,-5,CaNi(PO3)4_15_sym,0
57.957407463806064,0.43042791919290435,0.0048945,2.6532800999999998e-09,3,5,-1,CaNi(PO3)4_15_sym,0
59.42454044630291,6.709485039710634,0.0048945,2.907797776e-09,1,3,-5,CaNi(PO3)4_15_sym,0
59.27665463507884,6.461392067510725,0.0048945,2.881435041e-09,5,1,-6,CaNi(PO3)4_15_sym,0
59.32830010209085,45.531160362758946,0.0048945,2.890567696e-09,3,3,3,CaNi(PO3)4_15_sym,0
58.78168916622843,71.22850041600117,0.0048945,2.7942853210000003e-09,5,3,1,CaNi(PO3)4_15_sym,0
58.823912333147184,162.72900127056104,0.0048945,2.801690761e-09,4,4,-4,CaNi(PO3)4_15_sym,0
58.726026044858635,9.737298820998886,0.0048945,2.7846728999999997e-09,3,5,-2,CaNi(PO3)4_15_sym,0
59.04511754690096,4.379278780478498,0.0048945,2.8404636159999997e-09,4,4,1,CaNi(PO3)4_15_sym,0
60.7587638697204,13.48721892489017,0.0048945,3.152934801e-09,3,1,4,CaNi(PO3)4_15_sym,0
59.59523824968364,2.3119407048508482,0.0048945,2.9383988489999996e-09,1,5,2,CaNi(PO3)4_15_sym,0
59.32309086898278,0.1144813278373278,0.0048945,2.8896000250000005e-09,3,5,0,CaNi(PO3)4_15_sym,0
60.0374250474862,0.10423726729043115,0.0048945,3.018733249e-09,5,3,-5,CaNi(PO3)4_15_sym,0
60.55284775699119,94.86533188856488,0.0048945,3.1141980249999996e-09,0,4,4,CaNi(PO3)4_15_sym,0
60.967536725128454,72.40667572653723,0.0048945,3.1924760040000003e-09,4,2,-6,CaNi(PO3)4_15_sym,0
60.31680410187986,28.33489107644249,0.0048945,3.0702681e-09,7,1,-5,CaNi(PO3)4_15_sym,0
61.84730358737588,66.71110557785191,0.0048945,3.3628401e-09,1,1,-6,CaNi(PO3)4_15_sym,0
60.755466161186995,6.10004218507901,0.0048945,3.152261025e-09,2,4,3,CaNi(PO3)4_15_sym,0
61.044084360296054,8.737386000613949,0.0048945,3.2070701610000002e-09,6,0,-6,CaNi(PO3)4_15_sym,0
61.35678429637082,8.987136982780447,0.0048945,3.267151281e-09,4,2,3,CaNi(PO3)4_15_sym,0
60.85125394013021,0.5029042565805908,0.0048945,3.170478249e-09,1,5,-3,CaNi(PO3)4_15_sym,0
62.23978838787567,0.1638908054537712,0.0048945,3.440760964e-09,2,2,-6,CaNi(PO3)4_15_sym,0
61.57884973844298,2.2802267696988254,0.0048945,3.3102762249999995e-09,3,5,-3,CaNi(PO3)4_15_sym,0
61.97260470318862,6.868233448142496,0.0048945,3.3875892089999997e-09,6,2,1,CaNi(PO3)4_15_sym,0
61.99383027208452,12.857784759158314,0.0048945,3.3917811210000002e-09,7,1,0,CaNi(PO3)4_15_sym,0
62.5546303961996,15.543113906676258,0.0048945,3.504166416e-09,8,0,-4,CaNi(PO3)4_15_sym,0
62.736330614187736,9.626756587617717,0.0048945,3.541083049e-09,3,5,1,CaNi(PO3)4_15_sym,0
64.81474682483513,9.823329496536347,0.0048945,3.981483801e-09,0,0,6,CaNi(PO3)4_15_sym,0
62.72523618858901,28.63229410467984,0.0048945,3.5388221439999998e-09,8,0,-2,CaNi(PO3)4_15_sym,0
62.969210192460935,42.17102631720909,0.0048945,3.588728836e-09,7,3,-3,CaNi(PO3)4_15_sym,0
63.193999508280974,2.7149606004210094,0.0048945,3.6351252639999998e-09,6,4,-2,CaNi(PO3)4_15_sym,0
63.298467272487876,3.0574962617527324,0.0048945,3.656862784e-09,7,3,-2,CaNi(PO3)4_15_sym,0
64.68029213356445,0.22596157462411207,0.0048945,3.952008225e-09,2,4,-5,CaNi(PO3)4_15_sym,0
63.639088218151855,9.820007791465777,0.0048945,3.728201481e-09,6,4,-3,CaNi(PO3)4_15_sym,0
65.08550796354206,2.7661391144690612,0.0048945,4.0413991839999996e-09,6,2,-6,CaNi(PO3)4_15_sym,0
64.97256817857675,0.7592993081779542,0.0048945,4.016263875999999e-09,4,4,-5,CaNi(PO3)4_15_sym,0
65.95835553084574,15.186038143360955,0.0048945,4.238270404e-09,3,3,-6,CaNi(PO3)4_15_sym,0
64.66930807705951,42.51480411186809,0.0048945,3.949494025e-09,7,3,-4,CaNi(PO3)4_15_sym,0
64.44954510128846,17.50072414861943,0.0048945,3.901626369e-09,0,6,0,CaNi(PO3)4_15_sym,0
65.26478362831655,80.14928146328695,0.0048945,4.081293225000001e-09,4,4,2,CaNi(PO3)4_15_sym,0
65.625819075504,0.17050516911980793,0.0048945,4.162572323999999e-09,6,0,2,CaNi(PO3)4_15_sym,0
64.77557209142427,3.7410125170374764,0.0048945,3.972906961e-09,6,4,-1,CaNi(PO3)4_15_sym,0
65.50350689818885,14.148733402831276,0.0048945,4.134875808999999e-09,1,5,3,CaNi(PO3)4_15_sym,0
65.77698240534414,0.47987562853964427,0.0048945,4.1968370890000005e-09,5,3,2,CaNi(PO3)4_15_sym,0
66.10482159851881,5.277646542977325,0.0048945,4.2719296e-09,7,1,-6,CaNi(PO3)4_15_sym,0
66.65422429532092,25.550599320326562,0.0048945,4.399801561e-09,5,1,3,CaNi(PO3)4_15_sym,0
65.45353470931306,3.1943476689705017,0.0048945,4.123694656e-09,0,6,1,CaNi(PO3)4_15_sym,0
67.17367429679656,23.338875522700796,0.0048945,4.522831504e-09,1,3,5,CaNi(PO3)4_15_sym,0
65.64014255400737,10.411282363547885,0.0048945,4.165798848999999e-09,7,3,-1,CaNi(PO3)4_15_sym,0
65.63222148344094,5.394365726690541,0.0048945,4.163991841e-09,8,2,-3,CaNi(PO3)4_15_sym,0
67.49279719274473,25.151462945089268,0.0048945,4.599416760999999e-09,4,0,4,CaNi(PO3)4_15_sym,0
66.0882943803824,2.9073327338288126,0.0048945,4.268139561e-09,6,4,-4,CaNi(PO3)4_15_sym,0
66.35728185764819,5.93513393786258,0.0048945,4.330429636e-09,3,5,-4,CaNi(PO3)4_15_sym,0
67.98634731146849,0.3560858290469373,0.0048945,4.719690000000001e-09,2,2,5,CaNi(PO3)4_15_sym,0
67.346710129671,1.4786280903285796,0.0048945,4.564218480999999e-09,5,3,-6,CaNi(PO3)4_15_sym,0
66.54422266372448,19.74062271695279,0.0048945,4.373970496000001e-09,8,2,-4,CaNi(PO3)4_15_sym,0
67.16881703508777,0.1144124520290141,0.0048945,4.5216210490000005e-09,1,5,-4,CaNi(PO3)4_15_sym,0
66.40429365472122,3.008807755068097,0.0048945,4.341360321000001e-09,5,5,-2,CaNi(PO3)4_15_sym,0
68.71719257792927,41.01061113234891,0.0048945,4.901260081e-09,3,1,-7,CaNi(PO3)4_15_sym,0
66.55934216655862,9.604051752160084,0.0048945,4.377542569e-09,2,6,-1,CaNi(PO3)4_15_sym,0
68.73395517610142,1.4203308102351666,0.0048945,4.905461521e-09,0,2,6,CaNi(PO3)4_15_sym,0
66.70922043449379,7.7632090481830165,0.0048945,4.412679183999999e-09,8,2,-2,CaNi(PO3)4_15_sym,0
68.60085078332509,0.012574668373273262,0.0048945,4.87204e-09,5,1,-7,CaNi(PO3)4_15_sym,0
67.07457077940077,0.06855160836371929,0.0048945,4.499189776000001e-09,2,6,0,CaNi(PO3)4_15_sym,0
67.19783049084177,60.78117463537096,0.0048945,4.5286170249999995e-09,5,5,-1,CaNi(PO3)4_15_sym,0
68.72976383680728,15.682743369318342,0.0048945,4.904481023999999e-09,3,3,4,CaNi(PO3)4_15_sym,0
67.5878078256384,1.8913249084260697,0.0048945,4.622368144e-09,5,5,-3,CaNi(PO3)4_15_sym,0
68.02192791383784,60.07601168150402,0.0048945,4.7283501690000005e-09,3,5,2,CaNi(PO3)4_15_sym,0
68.33400994548195,7.208393381388449,0.0048945,4.805539684e-09,7,1,1,CaNi(PO3)4_15_sym,0
68.31658779351518,75.63166512151379,0.0048945,4.8012426809999995e-09,7,3,-5,CaNi(PO3)4_15_sym,0
69.7500700322669,5.541675969246728,0.0048945,5.1654406410000004e-09,1,3,-6,CaNi(PO3)4_15_sym,0
68.01752574416518,16.975133429134047,0.0048945,4.727250025000001e-09,2,6,-2,CaNi(PO3)4_15_sym,0
69.31232894202604,12.423526604282243,0.0048945,5.0523664000000005e-09,2,4,4,CaNi(PO3)4_15_sym,0
68.30774384360846,5.664826576706184,0.0048945,4.799025625000001e-09,6,4,0,CaNi(PO3)4_15_sym,0
69.5891318202043,0.4359978665877552,0.0048945,5.1236964e-09,0,4,5,CaNi(PO3)4_15_sym,0
68.41898493929423,21.183713939112348,0.0048945,4.8266366760000005e-09,0,6,2,CaNi(PO3)4_15_sym,0
69.52176379134627,16.820203487279926,0.0048945,5.1062457640000005e-09,6,2,2,CaNi(PO3)4_15_sym,0
70.91390887896492,0.6040431910032501,0.0048945,5.473632256e-09,1,1,6,CaNi(PO3)4_15_sym,0
70.89899002684271,0.5617611668597678,0.0048945,5.469637849e-09,4,2,-7,CaNi(PO3)4_15_sym,0
69.40543149469154,10.078841087070746,0.0048945,5.076277504000001e-09,8,2,-5,CaNi(PO3)4_15_sym,0
69.54150041924,9.771398788334194,0.0048945,5.111392036000001e-09,2,6,1,CaNi(PO3)4_15_sym,0
69.72859575961151,0.2646870727910033,0.0048945,5.159836224e-09,8,2,-1,CaNi(PO3)4_15_sym,0
69.88769658086603,16.110730563940702,0.0048945,5.201294399999999e-09,7,3,0,CaNi(PO3)4_15_sym,0
70.33211263929995,0.012719096753145738,0.0048945,5.318201476e-09,8,0,-6,CaNi(PO3)4_15_sym,0
71.33899881587122,45.40693855007143,0.0048945,5.589057599999999e-09,4,2,4,CaNi(PO3)4_15_sym,0
69.93507327733302,37.2201236766781,0.0048945,5.213706436000001e-09,5,5,0,CaNi(PO3)4_15_sym,0
71.97530479902397,1.3401697110726882,0.0048945,5.764453776e-09,3,1,5,CaNi(PO3)4_15_sym,0
70.43313028944236,0.49259592465149554,0.0048945,5.344925880999999e-09,6,4,-5,CaNi(PO3)4_15_sym,0
70.81373726843714,6.545406313082084,0.0048945,5.446587600999999e-09,8,0,0,CaNi(PO3)4_15_sym,0
70.6995691743994,6.661775986988822,0.0048945,5.416076836e-09,5,5,-4,CaNi(PO3)4_15_sym,0
71.39042594008797,3.078239710659271,0.0048945,5.6031213159999995e-09,2,6,-3,CaNi(PO3)4_15_sym,0
73.52503202487107,0.4134730011668922,0.0048945,6.205973283999999e-09,2,2,-7,CaNi(PO3)4_15_sym,0
73.88423462917062,1.1825646788687443,0.0048945,6.311190249000001e-09,1,1,-7,CaNi(PO3)4_15_sym,0
71.43177515796594,0.06399966792359037,0.0048945,5.614355041e-09,9,1,-3,CaNi(PO3)4_15_sym,0
71.5816007367359,12.209322974981475,0.0048945,5.655491209000001e-09,9,1,-4,CaNi(PO3)4_15_sym,0
72.73665586896581,0.09932037726138113,0.0048945,5.978846329000001e-09,4,4,-6,CaNi(PO3)4_15_sym,0
73.29899016291174,0.5261244538532042,0.0048945,6.1402896e-09,6,2,-7,CaNi(PO3)4_15_sym,0
72.87710165331913,1.995932744039653,0.0048945,6.018966724e-09,3,5,-5,CaNi(PO3)4_15_sym,0
73.0524844601344,19.277598519422728,0.0048945,6.069189024999999e-09,1,5,4,CaNi(PO3)4_15_sym,0
73.09296089336948,14.497596490587087,0.0048945,6.080880399999999e-09,4,4,3,CaNi(PO3)4_15_sym,0
73.54570892944571,33.04430121658598,0.0048945,6.2121194890000005e-09,7,1,-7,CaNi(PO3)4_15_sym,0
73.90364450656304,2.037954454017303,0.0048945,6.316911441000001e-09,2,4,-6,CaNi(PO3)4_15_sym,0
72.70333921451456,36.264240285112756,0.0048945,5.969416644000001e-09,4,6,-2,CaNi(PO3)4_15_sym,0
73.23254075756756,1.6032158644089067,0.0048945,6.121184644000001e-09,0,6,3,CaNi(PO3)4_15_sym,0
72.74297057586377,8.831713815006479,0.0048945,5.9807022250000005e-09,4,6,-1,CaNi(PO3)4_15_sym,0
73.77512835738384,9.887670739979043,0.0048945,6.2791360809999995e-09,7,3,-6,CaNi(PO3)4_15_sym,0
74.29832014020835,14.256324900936837,0.0048945,6.4338045209999995e-09,5,3,3,CaNi(PO3)4_15_sym,0
73.19075252303992,2.192010016355825,0.0048945,6.109141921e-09,9,1,-2,CaNi(PO3)4_15_sym,0
73.65799387962662,0.21436538323360724,0.0048945,6.244792575999999e-09,6,4,1,CaNi(PO3)4_15_sym,0
73.63545312739689,0.003076229083814273,0.0048945,6.2383142889999995e-09,9,1,-5,CaNi(PO3)4_15_sym,0
74.11232603984035,51.220725207352984,0.0048945,6.378577956e-09,8,2,-6,CaNi(PO3)4_15_sym,0
73.87053385455513,0.1503846446135648,0.0048945,6.307218724e-09,2,6,2,CaNi(PO3)4_15_sym,0
76.17160862542717,27.66475750493105,0.0048945,7.006527025e-09,2,0,6,CaNi(PO3)4_15_sym,0
75.09043932499804,2.866371808827777,0.0048945,6.672439225e-09,1,5,-5,CaNi(PO3)4_15_sym,0
75.00485194011854,0.41261105361958766,0.0048945,6.646325625e-09,3,5,3,CaNi(PO3)4_15_sym,0
74.51972029522354,0.043460693025618544,0.0048945,6.500068129000001e-09,5,5,1,CaNi(PO3)4_15_sym,0
74.5838626869649,24.421840355476547,0.0048945,6.519270563999999e-09,8,2,0,CaNi(PO3)4_15_sym,0
76.27016234719774,7.970252348237093,0.0048945,7.0375321e-09,3,3,-7,CaNi(PO3)4_15_sym,0
74.55838636016856,0.5285952895178115,0.0048945,6.511521635999999e-09,4,6,-3,CaNi(PO3)4_15_sym,0
76.1586579636383,8.126871768287629,0.0048945,7.002509761e-09,5,3,-7,CaNi(PO3)4_15_sym,0
74.67611378298123,28.561877486603787,0.0048945,6.546913569000001e-09,4,6,0,CaNi(PO3)4_15_sym,0
75.63668241830297,1.7894867238739844,0.0048945,6.839951616e-09,5,5,-5,CaNi(PO3)4_15_sym,0
77.00226244921335,0.2995709756544207,0.0048945,7.269949696000001e-09,5,1,4,CaNi(PO3)4_15_sym,0
76.28073527764664,1.109261704644958,0.0048945,7.0408881e-09,7,1,2,CaNi(PO3)4_15_sym,0
75.90304791427604,0.007893287861979414,0.0048945,6.922572803999999e-09,7,3,1,CaNi(PO3)4_15_sym,0
76.53832001697253,9.017710069163522,0.0048945,7.1221784490000005e-09,6,4,-6,CaNi(PO3)4_15_sym,0
78.44121765023782,33.99760390001749,0.0048945,7.739776576e-09,4,0,-8,CaNi(PO3)4_15_sym,0
76.57271484363248,1.9344263480364343,0.0048945,7.132984848999999e-09,2,6,-4,CaNi(PO3)4_15_sym,0
78.38206884155625,2.3254042633090557,0.0048945,7.720258225e-09,1,3,6,CaNi(PO3)4_15_sym,0
76.80734110756696,0.42000604075489134,0.0048945,7.207670404e-09,9,1,-1,CaNi(PO3)4_15_sym,0
79.2077728534664,6.643338809715901,0.0048945,7.997188328999999e-09,5,1,-8,CaNi(PO3)4_15_sym,0
77.53562482261216,0.8613944344616172,0.0048945,7.442167823999999e-09,9,1,-6,CaNi(PO3)4_15_sym,0
77.04821416312299,8.09891141085869,0.0048945,7.2846225e-09,8,4,-3,CaNi(PO3)4_15_sym,0
78.56945579325304,0.9233641913682235,0.0048945,7.782591961e-09,6,2,3,CaNi(PO3)4_15_sym,0
79.35921020119201,1.11045346247282,0.0048945,8.048781225e-09,6,0,-8,CaNi(PO3)4_15_sym,0
79.84974182427324,10.530924241363635,0.0048945,8.216516025e-09,2,2,6,CaNi(PO3)4_15_sym,0
79.40684195640732,0.115514263489147,0.0048945,8.064938025e-09,3,3,5,CaNi(PO3)4_15_sym,0
79.25697219666928,0.13330839645430007,0.0048945,8.014009440999999e-09,2,4,5,CaNi(PO3)4_15_sym,0
77.48505330789375,1.5196655264723036,0.0048945,7.425613584e-09,1,7,0,CaNi(PO3)4_15_sym,0
77.70792530181242,0.611200789275501,0.0048945,7.498174464e-09,1,7,-1,CaNi(PO3)4_15_sym,0
77.9013862820681,17.123479732906215,0.0048945,7.561519849e-09,8,4,-4,CaNi(PO3)4_15_sym,0
78.25919263208209,2.738717695820056,0.0048945,7.679367424e-09,4,6,-4,CaNi(PO3)4_15_sym,0
79.9627839047846,8.112837901230575,0.0048945,8.255539599999998e-09,0,4,6,CaNi(PO3)4_15_sym,0
80.72063533410092,3.3214484301859626,0.0048945,8.519659203999999e-09,3,1,-8,CaNi(PO3)4_15_sym,0
78.05608323613006,13.38096080753367,0.0048945,7.612388001e-09,8,4,-2,CaNi(PO3)4_15_sym,0
78.45229128280187,1.2649845172880132,0.0048945,7.743472009000002e-09,4,6,1,CaNi(PO3)4_15_sym,0
78.27756788215494,24.961750306008454,0.0048945,7.685502889e-09,7,5,-3,CaNi(PO3)4_15_sym,0
80.99515679535288,0.6970020352825731,0.0048945,8.616480625e-09,0,2,7,CaNi(PO3)4_15_sym,0
78.57695896319913,8.345063207764934,0.0048945,7.785062288999998e-09,7,5,-2,CaNi(PO3)4_15_sym,0
81.25682965958595,2.442641782444349,0.0048945,8.709368976e-09,1,3,-7,CaNi(PO3)4_15_sym,0
78.88171685337913,0.03515716917357512,0.0048945,7.887216099999999e-09,9,3,-3,CaNi(PO3)4_15_sym,0
79.02639732992681,1.6205875353657548,0.0048945,7.935959056000001e-09,9,3,-4,CaNi(PO3)4_15_sym,0
79.77680835778901,1.9191537720352467,0.0048945,8.191517049e-09,0,6,4,CaNi(PO3)4_15_sym,0
79.1182818545681,23.68258996590222,0.0048945,7.966990564000001e-09,1,7,1,CaNi(PO3)4_15_sym,0
79.9559039377005,0.7003646081996083,0.0048945,8.253177409000001e-09,2,6,3,CaNi(PO3)4_15_sym,0
82.37693545054621,1.0208596816231474,0.0048945,9.113375296000002e-09,2,0,-8,CaNi(PO3)4_15_sym,0
79.53426650511713,18.959613052046574,0.0048945,8.108462209e-09,10,0,-4,CaNi(PO3)4_15_sym,0
80.5564753953562,0.0035088628925064617,0.0048945,8.461976121e-09,8,2,-7,CaNi(PO3)4_15_sym,0
82.09100888548735,0.05211616399418835,0.0048945,9.009236889e-09,4,2,-8,CaNi(PO3)4_15_sym,0
81.0155613830961,1.6135295766157638,0.0048945,8.623722496e-09,3,5,-6,CaNi(PO3)4_15_sym,0
79.82935865211302,2.830386166109235,0.0048945,8.209628448999998e-09,7,5,-4,CaNi(PO3)4_15_sym,0
80.9281175439316,4.950351170177622,0.0048945,8.592733808999999e-09,7,3,-7,CaNi(PO3)4_15_sym,0
79.78242422403846,2.1516070143799193,0.0048945,8.193508324000001e-09,1,7,-2,CaNi(PO3)4_15_sym,0
80.70877538744298,24.67305452509305,0.0048945,8.515413841000001e-09,6,4,2,CaNi(PO3)4_15_sym,0
80.8481662826121,1.1355435771041478,0.0048945,8.564577025e-09,5,5,2,CaNi(PO3)4_15_sym,0
82.01829739482018,10.159810050602577,0.0048945,8.982869284e-09,4,4,-7,CaNi(PO3)4_15_sym,0
80.59847576477334,0.4864413736009726,0.0048945,8.476700761e-09,8,4,-5,CaNi(PO3)4_15_sym,0
82.58701015468706,4.31077040612111,0.0048945,9.190098225e-09,4,2,5,CaNi(PO3)4_15_sym,0
81.16933430541053,0.01301905679416071,0.0048945,8.678226649e-09,8,2,1,CaNi(PO3)4_15_sym,0
80.58374369013553,4.730607667030575,0.0048945,8.471545681e-09,9,3,-2,CaNi(PO3)4_15_sym,0
82.14132292242971,0.1998631920861861,0.0048945,9.027470169000002e-09,1,5,5,CaNi(PO3)4_15_sym,0
80.72197768630593,4.842120929423929,0.0048945,8.520028416000001e-09,7,5,-1,CaNi(PO3)4_15_sym,0
80.9050031021257,0.8722746190655052,0.0048945,8.584578409e-09,8,4,-1,CaNi(PO3)4_15_sym,0
82.54133851489335,3.838945135530433,0.0048945,9.173425284000001e-09,7,1,-8,CaNi(PO3)4_15_sym,0
81.0152337461503,0.2318240873906177,0.0048945,8.623536768999998e-09,9,3,-5,CaNi(PO3)4_15_sym,0
83.75431594682246,21.622639668414916,0.0048945,9.624002404e-09,1,1,7,CaNi(PO3)4_15_sym,0
82.43810419834583,2.3092139182867517,0.0048945,9.135727561000002e-09,4,4,4,CaNi(PO3)4_15_sym,0
82.99925317854975,0.7097984608409232,0.0048945,9.342189025e-09,6,2,-8,CaNi(PO3)4_15_sym,0
81.1665896939213,5.625240926079538,0.0048945,8.677295104000001e-09,3,7,-1,CaNi(PO3)4_15_sym,0
82.30218409760455,3.9594791821010586,0.0048945,9.086093041e-09,5,5,-6,CaNi(PO3)4_15_sym,0
84.32746767251018,7.407721162371486,0.0048945,9.841235209e-09,3,1,6,CaNi(PO3)4_15_sym,0
82.20782099080786,3.7602490328673417,0.0048945,9.0516196e-09,9,1,0,CaNi(PO3)4_15_sym,0
81.82665831632805,3.1480198573691736,0.0048945,8.913625744000001e-09,3,7,-2,CaNi(PO3)4_15_sym,0
82.1312462060121,2.6648162642319497,0.0048945,9.023860036e-09,6,6,-2,CaNi(PO3)4_15_sym,0
83.59302008182436,0.00793324416226723,0.0048945,9.563470849000001e-09,3,5,4,CaNi(PO3)4_15_sym,0
83.20964329822895,0.6136766950283712,0.0048945,9.420255364000001e-09,9,1,-7,CaNi(PO3)4_15_sym,0
82.48470445730491,19.326052563011018,0.0048945,9.152748899999999e-09,10,0,-2,CaNi(PO3)4_15_sym,0
82.57832016563206,27.60759124711511,0.0048945,9.187030801e-09,1,7,2,CaNi(PO3)4_15_sym,0
82.34238772071244,24.53054765958133,0.0048945,9.100587608999999e-09,3,7,0,CaNi(PO3)4_15_sym,0
84.53383659879252,7.994187780734573,0.0048945,9.919960801000001e-09,2,4,-7,CaNi(PO3)4_15_sym,0
83.47476131796981,13.985260452613788,0.0048945,9.519124355999999e-09,2,6,-5,CaNi(PO3)4_15_sym,0
82.53219719721181,0.036557576277922374,0.0048945,9.170169121e-09,6,6,-3,CaNi(PO3)4_15_sym,0
84.29712053706353,9.111614834450762,0.0048945,9.829731025e-09,5,3,4,CaNi(PO3)4_15_sym,0
83.59157736241836,0.6721128998460538,0.0048945,9.562884099999999e-09,7,3,2,CaNi(PO3)4_15_sym,0
83.20644979300278,9.544384612843098,0.0048945,9.419090704000001e-09,7,5,-5,CaNi(PO3)4_15_sym,0
84.5510300642396,4.3154234707852845,0.0048945,9.926535424e-09,1,5,-6,CaNi(PO3)4_15_sym,0
84.31636329417766,15.170046399540473,0.0048945,9.836870761e-09,6,4,-7,CaNi(PO3)4_15_sym,0
83.74050017245781,1.7272719674119115,0.0048945,9.618901776e-09,4,6,-5,CaNi(PO3)4_15_sym,0
85.991716264332,12.476777291280595,0.0048945,1.0485759999999998e-08,2,2,-8,CaNi(PO3)4_15_sym,0
83.17255970012756,11.10691017040094,0.0048945,9.406478168999999e-09,10,2,-4,CaNi(PO3)4_15_sym,0
83.67409457274665,3.093346491532439,0.0048945,9.594006600999999e-09,1,7,-3,CaNi(PO3)4_15_sym,0
84.00668276340195,0.028167426786157117,0.0048945,9.719396568999999e-09,4,6,2,CaNi(PO3)4_15_sym,0
83.93301733916212,0.022031959337571988,0.0048945,9.691418024999999e-09,10,0,-6,CaNi(PO3)4_15_sym,0
85.0948509879384,25.81276234208639,0.0048945,1.01364624e-08,8,0,-8,CaNi(PO3)4_15_sym,0
83.56133474567578,13.108905376603406,0.0048945,9.551543824e-09,6,6,-1,CaNi(PO3)4_15_sym,0
85.54539663091468,14.511664602158442,0.0048945,1.0310371599999999e-08,6,0,4,CaNi(PO3)4_15_sym,0
83.72473938203954,0.028065907217387352,0.0048945,9.613018116000001e-09,10,2,-3,CaNi(PO3)4_15_sym,0
87.02845171609077,7.680536179984847,0.0048945,1.0899360000000001e-08,1,1,-8,CaNi(PO3)4_15_sym,0
84.1064010099326,1.8896351573636834,0.0048945,9.757093283999999e-09,9,3,-1,CaNi(PO3)4_15_sym,0
84.31399222198667,1.494200976968024,0.0048945,9.836077329e-09,3,7,-3,CaNi(PO3)4_15_sym,0
85.78351845244568,0.10593017651219619,0.0048945,1.0404e-08,7,1,3,CaNi(PO3)4_15_sym,0
84.44760120399188,4.116787225120944,0.0048945,9.887120356e-09,10,2,-5,CaNi(PO3)4_15_sym,0
86.46111063493586,8.571219155138964,0.0048945,1.06729561e-08,5,3,-8,CaNi(PO3)4_15_sym,0
84.81943361425574,2.476655975263424,0.0048945,1.0030022499999998e-08,9,3,-6,CaNi(PO3)4_15_sym,0
84.68062185439426,0.7916151126052413,0.0048945,9.976214161e-09,7,5,0,CaNi(PO3)4_15_sym,0
85.09968833449184,4.520862229559789,0.0048945,1.01384761e-08,8,4,-6,CaNi(PO3)4_15_sym,0
84.7595086469687,7.6712489162256015,0.0048945,1.00060009e-08,6,6,-4,CaNi(PO3)4_15_sym,0
85.85331347045869,7.34514403100716,0.0048945,1.0432579599999998e-08,8,0,2,CaNi(PO3)4_15_sym,0
85.55486189560688,0.47188459567759267,0.0048945,1.03144336e-08,8,4,0,CaNi(PO3)4_15_sym,0
85.33960629913469,0.02113179271617818,0.0048945,1.0231322500000001e-08,3,7,1,CaNi(PO3)4_15_sym,0
87.9518012222887,0.3484736502301867,0.0048945,1.12741924e-08,3,3,-8,CaNi(PO3)4_15_sym,0
86.09877368838146,18.150371289681235,0.0048945,1.05288121e-08,10,2,-2,CaNi(PO3)4_15_sym,0
88.73937531092034,14.681253514254802,0.0048945,1.159929e-08,5,1,5,CaNi(PO3)4_15_sym,0
87.74418118640942,0.01073103462590115,0.0048945,1.1189408399999998e-08,2,6,4,CaNi(PO3)4_15_sym,0
86.80786542084651,13.157796050021258,0.0048945,1.0811840400000002e-08,6,6,0,CaNi(PO3)4_15_sym,0
88.0031663134821,15.16585527282538,0.0048945,1.1295438400000002e-08,0,6,5,CaNi(PO3)4_15_sym,0
87.53876980407055,1.6638718545268232,0.0048945,1.1107052100000002e-08,10,2,-6,CaNi(PO3)4_15_sym,0
88.6956124033757,1.4276329984636353,0.0048945,1.1582064400000001e-08,8,2,-8,CaNi(PO3)4_15_sym,0
89.14462294564925,3.2137321949929,0.0048945,1.1767910400000001e-08,6,2,4,CaNi(PO3)4_15_sym,0
87.82887032627607,1.4334885042759757,0.0048945,1.12254025e-08,1,7,3,CaNi(PO3)4_15_sym,0
91.05605627467914,0.09572748568798589,0.0048945,1.25843524e-08,0,0,8,CaNi(PO3)4_15_sym,0
88.37664486875647,8.493653544756208,0.0048945,1.1449e-08,7,5,-6,CaNi(PO3)4_15_sym,0
88.87924305229622,5.081784447295942,0.0048945,1.16575209e-08,5,5,3,CaNi(PO3)4_15_sym,0
89.75254286208198,0.07714476767910221,0.0048945,1.2025315600000001e-08,7,3,-8,CaNi(PO3)4_15_sym,0
90.95627271538541,0.11058454848203614,0.0048945,1.25395204e-08,1,3,7,CaNi(PO3)4_15_sym,0
89.43204442497478,1.3184983768452578,0.0048945,1.18897216e-08,6,4,3,CaNi(PO3)4_15_sym,0
88.607348369633,1.2044204246113932,0.0048945,1.15455025e-08,3,7,-4,CaNi(PO3)4_15_sym,0
89.45161958110994,9.965207921738775,0.0048945,1.1898446400000002e-08,8,2,2,CaNi(PO3)4_15_sym,0
90.68870366490927,4.395751186921325,0.0048945,1.24255609e-08,2,4,6,CaNi(PO3)4_15_sym,0
91.25507702566952,0.8371764575620951,0.0048945,1.2669753600000001e-08,5,1,-9,CaNi(PO3)4_15_sym,0
88.79547090565062,4.906388180412512,0.0048945,1.16229961e-08,6,6,-5,CaNi(PO3)4_15_sym,0
89.35342035031896,0.5656470829997099,0.0048945,1.1857032099999999e-08,9,1,1,CaNi(PO3)4_15_sym,0
89.3518189073569,1.378100738562928,0.0048945,1.1854854400000001e-08,1,7,-4,CaNi(PO3)4_15_sym,0
88.65035510054194,19.596155591069373,0.0048945,1.15627009e-08,5,7,-2,CaNi(PO3)4_15_sym,0
91.76089844589119,11.793729314522599,0.0048945,1.2891331600000001e-08,4,0,6,CaNi(PO3)4_15_sym,0
90.78432543661113,48.10172640247059,0.0048945,1.2465722500000001e-08,3,5,-7,CaNi(PO3)4_15_sym,0
91.52617879974821,0.8087274665104259,0.0048945,1.2787086399999998e-08,3,3,6,CaNi(PO3)4_15_sym,0
89.42213487052065,6.046045995852235,0.0048945,1.18853604e-08,9,3,0,CaNi(PO3)4_15_sym,0
90.6761411247148,0.4425889540871198,0.0048945,1.2418873600000001e-08,5,5,-7,CaNi(PO3)4_15_sym,0
91.81755396607645,5.224670283756824,0.0048945,1.29163225e-08,0,4,7,CaNi(PO3)4_15_sym,0
90.63041739682895,1.397730695240589,0.0048945,1.2398822499999999e-08,9,1,-8,CaNi(PO3)4_15_sym,0
89.37851539273271,1.1502095749131953,0.0048945,1.18679236e-08,5,7,-1,CaNi(PO3)4_15_sym,0
90.4153531936927,0.047590827704065614,0.0048945,1.2307683600000002e-08,9,3,-7,CaNi(PO3)4_15_sym,0
89.7378934402374,3.348713348342399,0.0048945,1.20187369e-08,5,7,-3,CaNi(PO3)4_15_sym,0
90.1391333452346,2.7472712634533636,0.0048945,1.2190368099999999e-08,3,7,2,CaNi(PO3)4_15_sym,0
90.42834669202374,1.370805064236777,0.0048945,1.2312121599999999e-08,7,5,1,CaNi(PO3)4_15_sym,0
90.97793028047892,13.006033737515935,0.0048945,1.25484804e-08,4,6,-6,CaNi(PO3)4_15_sym,0
93.08774222770893,2.3086982351974354,0.0048945,1.347921e-08,2,2,7,CaNi(PO3)4_15_sym,0
90.28133365766757,2.704599345336399,0.0048945,1.22500624e-08,10,2,-1,CaNi(PO3)4_15_sym,0
90.27444337562672,1.3244361550216388,0.0048945,1.22478489e-08,11,1,-4,CaNi(PO3)4_15_sym,0
91.31810822216661,0.5449260556056215,0.0048945,1.26967824e-08,4,6,3,CaNi(PO3)4_15_sym,0
91.38470726600217,4.8707930627880405,0.0048945,1.27260961e-08,8,4,-7,CaNi(PO3)4_15_sym,0
92.9015910579317,1.6814582702635938,0.0048945,1.33957476e-08,4,4,-8,CaNi(PO3)4_15_sym,0
90.4706176534589,8.430896633219607,0.0048945,1.23321025e-08,0,8,0,CaNi(PO3)4_15_sym,0
92.09468248409942,10.24335148878741,0.0048945,1.30370724e-08,2,6,-6,CaNi(PO3)4_15_sym,0
94.12705026520753,6.912542474095993,0.0048945,1.394761e-08,3,1,-9,CaNi(PO3)4_15_sym,0
90.85128072718976,3.6905696405929262,0.0048945,1.2494768400000001e-08,11,1,-5,CaNi(PO3)4_15_sym,0
92.8436346483794,0.5195726699641474,0.0048945,1.33702969e-08,1,5,6,CaNi(PO3)4_15_sym,0
93.16465853861241,8.54642350425169,0.0048945,1.3514062500000001e-08,7,1,-9,CaNi(PO3)4_15_sym,0
94.22156737816763,3.6714929192483634,0.0048945,1.3990158399999999e-08,1,3,-8,CaNi(PO3)4_15_sym,0
94.65457325946024,4.617278949926501,0.0048945,1.41895744e-08,0,2,8,CaNi(PO3)4_15_sym,0
93.39354083449679,1.7038613669980793,0.0048945,1.36165561e-08,4,4,5,CaNi(PO3)4_15_sym,0
91.9895900001957,0.6236432370453769,0.0048945,1.29914404e-08,8,4,1,CaNi(PO3)4_15_sym,0
91.85898944848239,0.16151441580715367,0.0048945,1.29345129e-08,6,6,1,CaNi(PO3)4_15_sym,0
91.51307359274752,13.311463315352457,0.0048945,1.2782563600000001e-08,11,1,-3,CaNi(PO3)4_15_sym,0
92.97722195003821,2.8477677918854596,0.0048945,1.3428174399999999e-08,7,3,3,CaNi(PO3)4_15_sym,0
91.3783668161422,1.2867248776928408,0.0048945,1.272384e-08,0,8,1,CaNi(PO3)4_15_sym,0
94.7927986518558,2.978357665093523,0.0048945,1.4251584399999999e-08,4,2,-9,CaNi(PO3)4_15_sym,0
94.31108924115122,4.094641746864358,0.0048945,1.4030402500000001e-08,6,2,-9,CaNi(PO3)4_15_sym,0
92.43801624247477,0.07025231939795083,0.0048945,1.3188225600000001e-08,10,2,-7,CaNi(PO3)4_15_sym,0
91.92213432980375,0.009070268344140086,0.0048945,1.29618225e-08,5,7,0,CaNi(PO3)4_15_sym,0
93.80303177793849,4.459860432242428,0.0048945,1.3801550399999999e-08,6,4,-8,CaNi(PO3)4_15_sym,0
93.84990465895163,15.38842611212366,0.0048945,1.3822704900000001e-08,3,5,5,CaNi(PO3)4_15_sym,0
92.68234324092838,2.2989355139081513,0.0048945,1.3296396100000001e-08,10,0,0,CaNi(PO3)4_15_sym,0
92.64131525478436,0.13831681950835828,0.0048945,1.32802576e-08,5,7,-4,CaNi(PO3)4_15_sym,0
95.36174225636135,2.23060377074424,0.0048945,1.45154304e-08,4,2,6,CaNi(PO3)4_15_sym,0
92.38706548120328,1.8175134854491015,0.0048945,1.3167562499999999e-08,2,8,-1,CaNi(PO3)4_15_sym,0
93.2448476847417,10.363380164508197,0.0048945,1.354896e-08,11,1,-6,CaNi(PO3)4_15_sym,0
92.8602178450342,1.299692580495575,0.0048945,1.33772356e-08,2,8,0,CaNi(PO3)4_15_sym,0
95.67810935713554,1.312694924111044,0.0048945,1.4662788099999999e-08,1,5,-7,CaNi(PO3)4_15_sym,0
93.33368827308398,3.1677280682308173,0.0048945,1.35885649e-08,9,5,-3,CaNi(PO3)4_15_sym,0
93.47579458021913,1.5907541013629898,0.0048945,1.3653922499999998e-08,9,5,-4,CaNi(PO3)4_15_sym,0
95.93726371667859,1.1746209839488837,0.0048945,1.4781696399999999e-08,5,3,5,CaNi(PO3)4_15_sym,0
93.73136562142996,4.133163737046889,0.0048945,1.37686756e-08,2,8,-2,CaNi(PO3)4_15_sym,0
94.64320702717352,11.520932962205896,0.0048945,1.41824281e-08,6,6,-6,CaNi(PO3)4_15_sym,0
96.7923219435277,0.16895925914556226,0.0048945,1.5183168400000002e-08,2,4,-8,CaNi(PO3)4_15_sym,0
93.97534912541379,0.9531000104237829,0.0048945,1.38791961e-08,10,4,-4,CaNi(PO3)4_15_sym,0
94.71061742820746,10.603473140339824,0.0048945,1.42134084e-08,3,7,-5,CaNi(PO3)4_15_sym,0
94.8786226417554,0.3957941793816553,0.0048945,1.4292202500000002e-08,1,7,4,CaNi(PO3)4_15_sym,0
94.10429190699968,7.059001142767526,0.0048945,1.3938163600000001e-08,0,8,2,CaNi(PO3)4_15_sym,0
95.35217336956973,26.359485381196244,0.0048945,1.4510611599999999e-08,7,5,-7,CaNi(PO3)4_15_sym,0
98.09824411217554,1.5822074914062239,0.0048945,1.58080329e-08,1,1,8,CaNi(PO3)4_15_sym,0
95.56419969678504,1.6311558813364735,0.0048945,1.4609556899999999e-08,10,0,-8,CaNi(PO3)4_15_sym,0
94.5710269363485,0.6300092168738779,0.0048945,1.41514816e-08,11,1,-2,CaNi(PO3)4_15_sym,0
94.525033312824,4.238409298599056,0.0048945,1.4130076900000001e-08,10,4,-3,CaNi(PO3)4_15_sym,0
98.23442954511513,0.25611972378167197,0.0048945,1.5873480100000002e-08,3,1,7,CaNi(PO3)4_15_sym,0
96.98887510586002,1.3447940228989885,0.0048945,1.527696e-08,7,1,4,CaNi(PO3)4_15_sym,0
95.01121628312482,0.5770619851069385,0.0048945,1.435204e-08,9,5,-2,CaNi(PO3)4_15_sym,0
95.24614692170456,0.22688666540127456,0.0048945,1.4460062499999999e-08,10,4,-5,CaNi(PO3)4_15_sym,0
95.1534761837023,0.013669300479569688,0.0048945,1.4419206400000001e-08,2,8,1,CaNi(PO3)4_15_sym,0
95.14078839651074,0.09309822212407162,0.0048945,1.4412002500000001e-08,8,6,-3,CaNi(PO3)4_15_sym,0
95.43850799183436,0.0594140191214009,0.0048945,1.4549184399999998e-08,9,5,-5,CaNi(PO3)4_15_sym,0
98.47183968009728,0.1855663584717513,0.0048945,1.5987073599999996e-08,5,3,-9,CaNi(PO3)4_15_sym,0
97.31258001248797,3.1902055277640557,0.0048945,1.54306084e-08,2,6,5,CaNi(PO3)4_15_sym,0
96.28706390085914,6.887691160491775,0.0048945,1.4947507600000004e-08,10,2,0,CaNi(PO3)4_15_sym,0
96.55460537733724,18.795498398689833,0.0048945,1.5072472899999998e-08,9,3,1,CaNi(PO3)4_15_sym,0
96.84551815042856,2.518651511635678,0.0048945,1.52102889e-08,1,7,-5,CaNi(PO3)4_15_sym,0
95.97652422143683,4.604657714533734,0.0048945,1.48011556e-08,8,6,-4,CaNi(PO3)4_15_sym,0
96.76236994877362,2.781073281732657,0.0048945,1.51708489e-08,3,7,3,CaNi(PO3)4_15_sym,0
96.29197461142601,12.218550838615062,0.0048945,1.4947507600000004e-08,5,7,1,CaNi(PO3)4_15_sym,0
98.01221164154816,5.918566403678168,0.0048945,1.5765313600000003e-08,0,6,6,CaNi(PO3)4_15_sym,0
96.12848444265907,1.5646366097237678,0.0048945,1.4871802499999999e-08,8,6,-2,CaNi(PO3)4_15_sym,0
100.0945921166865,3.2571855921006345,0.0048945,1.6778020899999998e-08,2,2,-9,CaNi(PO3)4_15_sym,0
98.6349466677885,0.23306550395779957,0.0048945,1.6065562499999998e-08,8,2,-9,CaNi(PO3)4_15_sym,0
97.84116402808618,1.680314140611372,0.0048945,1.5682552899999997e-08,9,3,-8,CaNi(PO3)4_15_sym,0
96.90231854379604,9.143303912423486,0.0048945,1.52374336e-08,2,8,-3,CaNi(PO3)4_15_sym,0
96.89981531193233,1.014275508398011,0.0048945,1.52349649e-08,10,4,-2,CaNi(PO3)4_15_sym,0
97.47036720717577,11.05149538986918,0.0048945,1.5505230400000003e-08,11,1,-7,CaNi(PO3)4_15_sym,0
97.3773099753756,2.137902038362881,0.0048945,1.5462922499999998e-08,5,7,-5,CaNi(PO3)4_15_sym,0
98.3153104266467,11.160058326505853,0.0048945,1.5911299600000002e-08,9,1,2,CaNi(PO3)4_15_sym,0
98.7153044772346,0.004619180514417336,0.0048945,1.6106148099999998e-08,5,5,4,CaNi(PO3)4_15_sym,0
98.00682927838533,1.0953303255531053,0.0048945,1.57628025e-08,7,5,2,CaNi(PO3)4_15_sym,0
97.48215683264722,5.803527323850256,0.0048945,1.5512702499999997e-08,11,3,-4,CaNi(PO3)4_15_sym,0
101.85036087124011,1.2242016853247424,0.0048945,1.76544369e-08,1,1,-9,CaNi(PO3)4_15_sym,0
99.55301246728418,1.4819106432321694,0.0048945,1.6512250000000003e-08,8,2,3,CaNi(PO3)4_15_sym,0
99.89512865309639,1.0741205009147745,0.0048945,1.6682305599999998e-08,9,1,-9,CaNi(PO3)4_15_sym,0
101.38299258570704,28.470761836063332,0.0048945,1.74187204e-08,3,3,-9,CaNi(PO3)4_15_sym,0
98.06405437942476,21.86970382038909,0.0048945,1.5790435600000004e-08,11,3,-5,CaNi(PO3)4_15_sym,0
98.75465592083782,3.5152087367679186,0.0048945,1.61239204e-08,6,6,2,CaNi(PO3)4_15_sym,0
98.34941166786194,4.249980191241698,0.0048945,1.59289641e-08,10,4,-6,CaNi(PO3)4_15_sym,0
99.18723857316428,0.016692737501961645,0.0048945,1.6335396100000003e-08,10,2,-8,CaNi(PO3)4_15_sym,0
99.51903425097625,16.196891924261678,0.0048945,1.6496833600000002e-08,8,4,-8,CaNi(PO3)4_15_sym,0
100.40534290896699,13.866653684380186,0.0048945,1.69338169e-08,7,3,-9,CaNi(PO3)4_15_sym,0
99.97423397598644,1.6705357551421969,0.0048945,1.6721076099999997e-08,6,4,4,CaNi(PO3)4_15_sym,0
98.15983481332844,0.24809006304050948,0.0048945,1.58357056e-08,4,8,-2,CaNi(PO3)4_15_sym,0
98.67039903441957,3.5872857504775912,0.0048945,1.6083312400000003e-08,0,8,3,CaNi(PO3)4_15_sym,0
98.19799594890253,0.2107988143635644,0.0048945,1.5855846399999997e-08,4,8,-1,CaNi(PO3)4_15_sym,0
98.52357361230185,9.981968565017072,0.0048945,1.6012371599999997e-08,9,5,-1,CaNi(PO3)4_15_sym,0
100.06542086533346,0.16512884332875655,0.0048945,1.6765070399999998e-08,4,6,-7,CaNi(PO3)4_15_sym,0
98.64468663290303,4.27712357153973,0.0048945,1.6070632900000003e-08,8,6,-5,CaNi(PO3)4_15_sym,0
98.73258010431285,3.3004214787291994,0.0048945,1.61137636e-08,11,3,-3,CaNi(PO3)4_15_sym,0
100.9022439202457,2.81066784321628,0.0048945,1.71793449e-08,5,5,-8,CaNi(PO3)4_15_sym,0
99.24122166276304,0.6466801234223963,0.0048945,1.6360968099999998e-08,9,5,-6,CaNi(PO3)4_15_sym,0
101.52853164684637,0.011116328698324988,0.0048945,1.7492707600000003e-08,6,2,5,CaNi(PO3)4_15_sym,0
98.95046194542068,8.119703299362067,0.0048945,1.6218022500000002e-08,8,6,-1,CaNi(PO3)4_15_sym,0
100.48765409473108,24.79970896794882,0.0048945,1.69728784e-08,4,6,4,CaNi(PO3)4_15_sym,0
99.28875462255192,0.04647945436145821,0.0048945,1.6384e-08,2,8,2,CaNi(PO3)4_15_sym,0
102.26380832602771,8.21645523497213,0.0048945,1.78623225e-08,5,1,6,CaNi(PO3)4_15_sym,0
99.47641889764581,11.584807745038594,0.0048945,1.6476289599999998e-08,11,1,-1,CaNi(PO3)4_15_sym,0
100.2858593420744,7.094631380398914,0.0048945,1.6874010000000003e-08,8,4,2,CaNi(PO3)4_15_sym,0
102.42118126085715,1.7756099024060041,0.0048945,1.7939923600000003e-08,3,5,-8,CaNi(PO3)4_15_sym,0
37.41999564262534,367.60752764678546,0.0044608,6.379160489999999e-10,1,1,1,NiO_225_sym,1
43.43517006378453,560.3488197334553,0.0044608,1.1296320999999998e-09,2,0,0,NiO_225_sym,1
62.96592395298165,271.5587173604927,0.0044608,4.491814440999999e-09,2,2,0,NiO_225_sym,1
75.45381027597719,96.10309751009535,0.0044608,8.478542241e-09,3,1,1,NiO_225_sym,1
79.43080530447071,70.79955733616002,0.0044608,1.00861849e-08,2,2,2,NiO_225_sym,1
95.01007002823279,29.037993950360935,0.0044608,1.7913145600000003e-08,4,0,0,NiO_225_sym,1
