x,y_obs,y_calc,y_bkg,struct_Li3PO4,struct_LiFePO4
5.0,0.0,0.01,0.01,0.0,0.0
5.05,0.0,0.0,0.0,0.0,0.0
5.1,0.0,0.0,0.0,0.0,0.0
5.15,0.0,0.0,0.0,0.0,0.0
5.2,0.0,0.0,0.0,0.0,0.0
5.25,0.0,-0.0,-0.0,0.0,0.0
5.3,0.0,-0.0,-0.0,0.0,0.0
5.35,0.0,-0.0,-0.0,0.0,0.0
5.4,0.0,-0.0,-0.0,0.0,0.0
5.45,0.0,-0.0,-0.0,0.0,0.0
5.5,0.0,-0.0,-0.0,0.0,0.0
5.55,0.0,-0.0,-0.0,0.0,0.0
5.6,0.0,-0.0,-0.0,0.0,0.0
5.65,0.0,0.0,0.0,0.0,0.0
5.7,0.0,0.0,0.0,0.0,0.0
5.75,0.0,0.0,0.0,0.0,0.0
5.8,0.0,0.0,0.0,0.0,0.0
5.85,0.0,0.0,0.0,0.0,0.0
5.9,0.0,0.0,0.0,0.0,0.0
5.95,0.0,0.0,0.0,0.0,0.0
6.0,0.0,0.0,0.0,0.0,0.0
6.05,0.0,0.0,0.0,0.0,0.0
6.1,0.0,0.0,0.0,0.0,0.0
6.15,0.0,0.0,0.0,0.0,0.0
6.2,0.0,0.0,0.0,0.0,0.0
6.25,0.0,0.0,0.0,0.0,0.0
6.3,0.0,0.0,0.0,0.0,0.0
6.35,0.0,0.0,0.0,0.0,0.0
6.4,0.0,0.0,0.0,0.0,0.0
6.45,0.0,0.0,0.0,0.0,0.0
6.5,0.0,0.0,0.0,0.0,0.0
6.55,0.0,0.0,0.0,0.0,0.0
6.6,0.0,0.0,0.0,0.0,0.0
6.65,0.0,0.0,0.0,0.0,0.0
6.7,0.0,0.0,0.0,0.0,0.0
6.75,0.0,0.0,0.0,0.0,0.0
6.8,0.0,0.0,0.0,0.0,0.0
6.85,0.0,0.0,0.0,0.0,0.0
6.9,0.0,0.0,0.0,0.0,0.0
6.95,0.0,0.0,0.0,0.0,0.0
7.0,0.0,0.0,0.0,0.0,0.0
7.05,0.0,0.0,0.0,0.0,0.0
7.1,0.0,0.0,0.0,0.0,0.0
7.15,0.0,0.0,0.0,0.0,0.0
7.2,0.0,0.0,0.0,0.0,0.0
7.25,0.0,0.0,0.0,0.0,0.0
7.3,0.0,0.0,0.0,0.0,0.0
7.35,0.0,0.0,0.0,0.0,0.0
7.4,0.0,0.0,0.0,0.0,0.0
7.45,0.0,0.0,0.0,0.0,0.0
7.5,0.0,0.0,0.0,0.0,0.0
7.55,0.0,0.0,0.0,0.0,0.0
7.6,0.0,0.0,0.0,0.0,0.0
7.65,0.0,0.0,0.0,0.0,0.0
7.7,0.0,0.0,0.0,0.0,0.0
7.75,0.0,0.0,0.0,0.0,0.0
7.8,0.0,0.0,-0.0,0.0,0.0
7.85,0.0,-0.0,-0.0,0.0,0.0
7.9,0.0,-0.0,-0.0,0.0,0.0
7.95,0.0,-0.0,-0.0,0.0,0.0
8.0,0.0,-0.0,-0.0,0.0,0.0
8.05,0.0,-0.0,-0.0,0.0,0.0
8.1,0.0,-0.0,-0.0,0.0,0.0
8.15,0.0,-0.0,-0.0,0.0,0.0
8.2,0.0,-0.0,-0.0,0.0,0.0
8.25,0.0,-0.0,-0.0,0.0,0.0
8.3,0.0,-0.0,-0.0,0.0,0.0
8.35,0.0,-0.0,-0.0,0.0,0.0
8.4,0.0,-0.0,-0.0,0.0,0.0
8.45,0.0,-0.0,-0.0,0.0,0.0
8.5,0.0,-0.0,-0.0,0.0,0.0
8.55,0.0,-0.0,-0.0,0.0,0.0
8.6,0.0,-0.0,-0.0,0.0,0.0
8.65,0.0,-0.0,-0.0,0.0,0.0
8.7,0.0,-0.0,-0.0,0.0,0.0
8.75,0.0,-0.0,-0.0,0.0,0.0
8.8,0.0,-0.0,-0.0,0.0,0.0
8.85,0.0,-0.0,-0.0,0.0,0.0
8.9,0.0,-0.0,-0.0,0.0,0.0
8.95,0.0,0.0,0.0,0.0,0.0
9.0,0.0,0.0,0.0,0.0,0.0
9.05,0.0,0.0,0.0,0.0,0.0
9.1,0.0,0.0,0.0,0.0,0.0
9.15,0.0,0.0,0.0,0.0,0.0
9.2,0.0,0.0,0.0,0.0,0.0
9.25,0.0,0.0,0.0,0.0,0.0
9.3,0.0,0.0,0.0,0.0,0.0
9.35,0.0,0.0,0.0,0.0,0.0
9.4,0.0,0.0,0.0,0.0,0.0
9.45,0.0,0.0,0.0,0.0,0.0
9.5,0.0,0.0,0.0,0.0,0.0
9.55,0.0,0.0,0.0,0.0,0.0
9.6,0.0,0.0,0.0,0.0,0.0
9.65,0.0,0.0,0.0,0.0,0.0
9.7,0.0,0.0,0.0,0.0,0.0
9.75,0.0,0.0,0.0,0.0,0.0
9.8,0.0,0.0,0.0,0.0,0.0
9.85,0.0,0.0,0.0,0.0,0.0
9.9,0.0,0.0,0.0,0.0,0.0
9.95,0.0,0.0,0.0,0.0,0.0
10.0,0.0,0.0,0.0,0.0,0.0
10.05,0.0,0.0,0.0,0.0,0.0
10.1,0.0,0.0,0.0,0.0,0.0
10.15,0.0,0.0,0.0,0.0,0.0
10.2,0.0,0.0,0.0,0.0,0.0
10.25,0.0,0.0,0.0,0.0,0.0
10.3,0.0,0.0,0.0,0.0,0.0
10.35,0.0,0.0,0.0,0.0,0.0
10.4,0.0,0.0,0.0,0.0,0.0
10.45,0.0,0.0,0.0,0.0,0.0
10.5,0.0,0.0,0.0,0.0,0.0
10.55,0.0,0.0,0.0,0.0,0.0
10.6,0.0,0.0,0.0,0.0,0.0
10.65,0.0,0.0,0.0,0.0,0.0
10.7,0.0,0.0,0.0,0.0,0.0
10.75,0.0,0.0,0.0,0.0,0.0
10.8,0.0,0.0,0.0,0.0,0.0
10.85,0.0,0.0,0.0,0.0,0.0
10.9,0.0,0.0,0.0,0.0,0.0
10.95,0.0,0.0,0.0,0.0,0.0
11.0,0.0,0.0,0.0,0.0,0.0
11.05,0.0,0.0,0.0,0.0,0.0
11.1,0.0,0.0,0.0,0.0,0.0
11.15,0.0,0.0,0.0,0.0,0.0
11.2,0.0,0.0,0.0,0.0,0.0
11.25,0.0,0.0,0.0,0.0,0.0
11.3,0.0,0.0,0.0,0.0,0.0
11.35,0.0,0.0,0.0,0.0,0.0
11.4,0.0,0.0,0.0,0.0,0.0
11.45,0.0,0.0,0.0,0.0,0.0
11.5,0.0,0.0,0.0,0.0,0.0
11.55,0.0,0.0,0.0,0.0,0.0
11.6,0.0,0.0,0.0,0.0,0.0
11.65,0.0,0.0,0.0,0.0,0.0
11.7,0.0,0.0,0.0,0.0,0.0
11.75,0.0,0.0,0.0,0.0,0.0
11.8,0.0,0.0,0.0,0.0,0.0
11.85,0.0,0.0,0.0,0.0,0.0
11.9,0.0,0.0,0.0,0.0,0.0
11.95,0.0,0.0,0.0,0.0,0.0
12.0,0.0,0.0,0.0,0.0,0.0
12.05,0.0,0.0,0.0,0.0,0.0
12.1,0.0,0.0,0.0,0.0,0.0
12.15,0.0,0.0,0.0,0.0,0.0
12.2,0.0,0.0,0.0,0.0,0.0
12.25,0.0,0.0,0.0,0.0,0.0
12.3,0.0,0.0,0.0,0.0,0.0
12.35,0.0,0.0,0.0,0.0,0.0
12.4,0.0,0.0,0.0,0.0,0.0
12.45,0.0,0.0,0.0,0.0,0.0
12.5,0.0,0.0,0.0,0.0,0.0
12.55,0.0,0.0,0.0,0.0,0.0
12.6,0.0,0.0,0.0,0.0,0.0
12.65,0.0,0.0,0.0,0.0,0.0
12.7,0.0,0.0,0.0,0.0,0.0
12.75,0.0,0.0,0.0,0.0,0.0
12.8,0.0,0.0,0.0,0.0,0.0
12.85,0.0,0.0,0.0,0.0,0.0
12.9,0.0,0.0,0.0,0.0,0.0
12.95,0.0,0.0,0.0,0.0,0.0
13.0,0.0,0.0,0.0,0.0,0.0
13.05,0.0,0.0,0.0,0.0,0.0
13.1,0.0,0.0,0.0,0.0,0.0
13.15,0.0,0.0,0.0,0.0,0.0
13.2,0.0,0.0,0.0,0.0,0.0
13.25,0.0,0.0,0.0,0.0,0.0
13.3,0.0,0.0,0.0,0.0,0.0
13.35,0.0,0.0,0.0,0.0,0.0
13.4,0.0,0.0,0.0,0.0,0.0
13.45,0.0,0.0,0.0,0.0,0.0
13.5,0.0,0.0,0.0,0.0,0.0
13.55,0.0,0.0,0.0,0.0,0.0
13.6,0.0,0.0,0.0,0.0,0.0
13.65,0.0,0.0,0.0,0.0,0.0
13.7,0.0,0.0,0.0,0.0,0.0
13.75,0.0,0.0,0.0,0.0,0.0
13.8,0.0,0.0,0.0,0.0,0.0
13.85,0.0,0.0,0.0,0.0,0.0
13.9,0.0,0.0,0.0,0.0,0.0
13.95,0.0,0.0,0.0,0.0,0.0
14.0,0.0,0.0,0.0,0.0,0.0
14.05,0.0,0.0,0.0,0.0,0.0
14.1,0.0,0.0,0.0,0.0,0.0
14.15,0.0,0.0,0.0,0.0,0.0
14.2,0.0,0.0,0.0,0.0,0.0
14.25,0.0,0.0,0.0,0.0,0.0
14.3,0.0,0.0,0.0,0.0,0.0
14.35,0.0,0.0,0.0,0.0,0.0
14.4,0.0,0.0,0.0,0.0,0.0
14.45,0.0,0.0,0.0,0.0,0.0
14.5,0.0,0.0,0.0,0.0,0.0
14.55,0.0,0.0,0.0,0.0,0.0
14.6,0.0,0.0,0.0,0.0,0.0
14.65,0.0,0.0,0.0,0.0,0.0
14.7,0.0,0.0,0.0,0.0,0.0
14.75,0.0,0.0,0.0,0.0,0.0
14.8,0.0,0.0,0.0,0.0,0.0
14.85,0.0,0.0,0.0,0.0,0.0
14.9,0.0,0.0,0.0,0.0,0.0
14.95,0.0,0.0,0.0,0.0,0.0
15.0,0.0,0.0,0.0,0.0,0.0
15.05,0.0,0.0,0.0,0.0,0.0
15.1,0.0,0.0,0.0,0.0,0.0
15.15,0.0,0.0,0.0,0.0,0.0
15.2,0.0,0.0,0.0,0.0,0.0
15.25,0.0,0.0,0.0,0.0,0.0
15.3,0.0,0.0,0.0,0.0,0.0
15.35,0.0,0.0,0.0,0.0,0.0
15.4,0.0,0.0,0.0,0.0,0.0
15.45,0.0,0.0,0.0,0.0,0.0
15.5,0.0,0.0,0.0,0.0,0.0
15.55,0.0,0.0,0.0,0.0,0.0
15.6,0.0,0.0,0.0,0.0,0.0
15.65,0.0,0.0,0.0,0.0,0.0
15.7,0.0,0.0,0.0,0.0,0.0
15.75,0.0,0.0,0.0,0.0,0.0
15.8,0.0,0.0,0.0,0.0,0.0
15.85,0.0,0.0,0.0,0.0,0.0
15.9,0.0,0.0,0.0,0.0,0.0
15.95,0.0,0.0,0.0,0.0,0.0
16.0,0.0,0.0,-0.0,0.0,0.0
16.05,0.0,0.0,-0.0,0.0,0.0
16.1,0.0,0.0,-0.0,0.0,0.0
16.15,0.0,0.0,-0.0,0.0,0.0
16.2,0.0,0.0,-0.0,0.0,0.0
16.25,0.0,0.0,-0.0,0.0,0.0
16.3,0.0,0.0,-0.0,0.0,0.0
16.35,0.0,0.0,-0.0,0.0,0.0
16.4,0.0,0.0,-0.0,0.0,0.0
16.45,0.0,0.0,-0.0,0.0,0.0
16.5,0.0,0.0,-0.0,0.0,0.0
16.55,0.01,0.0,-0.0,0.0,0.0
16.6,0.01,0.0,-0.0,0.0,0.0
16.65,0.01,0.0,-0.0,0.0,0.0
16.7,0.01,0.0,-0.0,0.0,0.0
16.75,0.01,0.01,-0.0,0.0,0.01
16.8,0.01,0.01,-0.0,0.0,0.01
16.85,0.01,0.01,-0.0,0.0,0.01
16.9,0.01,0.02,-0.0,0.0,0.02
16.95,0.02,0.03,-0.0,0.0,0.03
17.0,0.03,0.04,-0.0,0.0,0.04
17.05,0.06,0.07,-0.0,0.0,0.08
17.1,0.1,0.13,-0.0,0.0,0.13
17.15,0.15,0.21,-0.0,0.0,0.21
17.2,0.22,0.35,-0.0,0.0,0.35
17.25,0.28,0.53,-0.0,0.0,0.53
17.3,0.32,0.72,-0.0,0.0,0.72
17.35,0.32,0.79,-0.0,0.0,0.79
17.4,0.29,0.6,-0.0,0.0,0.6
17.45,0.23,0.32,-0.0,0.0,0.32
17.5,0.16,0.14,-0.0,0.0,0.14
17.55,0.1,0.06,-0.0,0.0,0.06
17.6,0.06,0.03,-0.0,0.0,0.03
17.65,0.04,0.02,-0.0,0.0,0.02
17.7,0.02,0.01,-0.0,0.0,0.01
17.75,0.02,0.01,-0.0,0.0,0.01
17.8,0.01,0.0,-0.0,0.0,0.0
17.85,0.01,0.0,-0.0,0.0,0.0
17.9,0.01,0.0,-0.0,0.0,0.0
17.95,0.01,0.0,-0.0,0.0,0.0
18.0,0.01,0.0,0.0,0.0,0.0
18.05,0.01,0.0,0.0,0.0,0.0
18.1,0.01,0.0,0.0,0.0,0.0
18.15,0.01,0.0,0.0,0.0,0.0
18.2,0.01,0.0,0.0,0.0,0.0
18.25,0.0,0.0,0.0,0.0,0.0
18.3,0.0,0.0,0.0,0.0,0.0
18.35,0.0,0.0,0.0,0.0,0.0
18.4,0.0,0.0,0.0,0.0,0.0
18.45,0.0,0.0,0.0,0.0,0.0
18.5,0.0,0.0,0.0,0.0,0.0
18.55,0.0,0.0,0.0,0.0,0.0
18.6,0.0,0.0,0.0,0.0,0.0
18.65,0.0,0.0,0.0,0.0,0.0
18.7,0.0,0.0,0.0,0.0,0.0
18.75,0.0,0.0,0.0,0.0,0.0
18.8,0.0,0.0,0.0,0.0,0.0
18.85,0.0,0.0,0.0,0.0,0.0
18.9,0.0,0.0,0.0,0.0,0.0
18.95,0.0,0.0,0.0,0.0,0.0
19.0,0.0,0.0,0.0,0.0,0.0
19.05,0.0,0.0,0.0,0.0,0.0
19.1,0.0,0.0,0.0,0.0,0.0
19.15,0.0,0.0,0.0,0.0,0.0
19.2,0.0,0.0,0.0,0.0,0.0
19.25,0.0,0.0,0.0,0.0,0.0
19.3,0.0,0.0,0.0,0.0,0.0
19.35,0.0,0.0,0.0,0.0,0.0
19.4,0.0,0.0,0.0,0.0,0.0
19.45,0.0,0.0,0.0,0.0,0.0
19.5,0.0,0.0,0.0,0.0,0.0
19.55,0.0,0.0,0.0,0.0,0.0
19.6,0.0,0.0,0.0,0.0,0.0
19.65,0.0,0.0,0.0,0.0,0.0
19.7,0.0,0.0,0.0,0.0,0.0
19.75,0.01,0.0,0.0,0.0,0.0
19.8,0.01,0.0,0.0,0.0,0.0
19.85,0.01,0.0,0.0,0.0,0.0
19.9,0.01,0.0,0.0,0.0,0.0
19.95,0.01,0.0,0.0,0.0,0.0
20.0,0.01,0.0,0.0,0.0,0.0
20.05,0.01,0.0,0.0,0.0,0.0
20.1,0.01,0.0,0.0,0.0,0.0
20.15,0.01,0.0,0.0,0.0,0.0
20.2,0.01,0.01,0.0,0.0,0.0
20.25,0.01,0.01,0.0,0.0,0.0
20.3,0.01,0.01,0.0,0.0,0.01
20.35,0.01,0.01,0.0,0.0,0.01
20.4,0.02,0.01,0.0,0.0,0.01
20.45,0.02,0.02,0.0,0.0,0.01
20.5,0.02,0.02,0.0,0.0,0.02
20.55,0.03,0.04,0.0,0.0,0.03
20.6,0.04,0.06,0.0,0.0,0.06
20.65,0.07,0.1,0.0,0.0,0.1
20.7,0.12,0.17,0.0,0.0,0.17
20.75,0.2,0.31,0.0,0.0,0.31
20.8,0.31,0.53,0.0,0.0,0.52
20.85,0.43,0.87,0.0,0.0,0.87
20.9,1.53,1.29,0.0,0.0,1.28
20.95,1.59,1.59,0.0,0.0,1.59
21.0,1.57,1.5,0.0,0.0,1.5
21.05,0.49,1.02,0.0,0.0,1.01
21.1,0.38,0.53,0.0,0.0,0.53
21.15,0.26,0.24,0.0,0.0,0.24
21.2,0.16,0.12,0.0,0.0,0.11
21.25,0.1,0.06,0.0,0.0,0.06
21.3,0.06,0.04,0.0,0.0,0.03
21.35,0.04,0.02,0.0,0.0,0.02
21.4,0.03,0.02,0.0,0.0,0.01
21.45,0.02,0.01,0.0,0.0,0.01
21.5,0.02,0.01,0.0,0.0,0.01
21.55,0.02,0.01,0.0,0.0,0.01
21.6,0.01,0.01,0.0,0.0,0.01
21.65,0.01,0.01,0.0,0.0,0.0
21.7,0.01,0.01,0.0,0.0,0.0
21.75,0.01,0.01,0.0,0.0,0.0
21.8,0.01,0.01,0.0,0.0,0.0
21.85,0.01,0.01,0.0,0.0,0.0
21.9,0.01,0.01,0.0,0.0,0.0
21.95,0.01,0.01,0.0,0.0,0.0
22.0,0.01,0.01,0.0,0.0,0.0
22.05,0.01,0.01,0.0,0.0,0.0
22.1,0.01,0.01,0.0,0.0,0.0
22.15,0.01,0.01,0.0,0.0,0.0
22.2,0.01,0.01,0.0,0.0,0.0
22.25,0.01,0.01,0.0,0.0,0.0
22.3,0.01,0.01,0.0,0.0,0.0
22.35,0.01,0.01,0.0,0.0,0.0
22.4,0.01,0.01,0.0,0.0,0.01
22.45,0.01,0.01,0.0,0.0,0.01
22.5,0.01,0.02,0.0,0.0,0.01
22.55,0.02,0.03,0.0,0.0,0.02
22.6,0.03,0.04,0.0,0.0,0.04
22.65,0.05,0.07,0.0,0.0,0.07
22.7,0.08,0.13,0.0,0.0,0.13
22.75,0.11,0.22,0.0,0.0,0.22
22.8,0.15,0.35,0.0,0.0,0.35
22.85,0.17,0.48,0.0,0.0,0.48
22.9,0.17,0.54,0.0,0.0,0.53
22.95,0.16,0.45,0.0,0.0,0.44
23.0,0.13,0.28,0.0,0.0,0.28
23.05,0.09,0.15,0.0,0.0,0.14
23.1,0.06,0.07,0.0,0.0,0.07
23.15,0.04,0.04,0.0,0.0,0.03
23.2,0.02,0.02,0.0,0.0,0.02
23.25,0.02,0.02,0.0,0.0,0.01
23.3,0.01,0.01,0.0,0.0,0.01
23.35,0.01,0.01,0.0,0.0,0.01
23.4,0.01,0.01,0.0,0.0,0.0
23.45,0.01,0.01,0.0,0.0,0.0
23.5,0.01,0.01,0.0,0.0,0.0
23.55,0.01,0.01,0.0,0.0,0.0
23.6,0.01,0.01,0.0,0.0,0.0
23.65,0.01,0.01,0.0,0.0,0.0
23.7,0.01,0.01,0.0,0.0,0.0
23.75,0.01,0.01,0.0,0.0,0.0
23.8,0.01,0.01,0.0,0.0,0.0
23.85,0.01,0.01,0.0,0.0,0.01
23.9,0.01,0.01,0.0,0.0,0.01
23.95,0.01,0.02,0.0,0.0,0.01
24.0,0.02,0.03,0.0,0.0,0.02
24.05,0.03,0.04,0.0,0.0,0.04
24.1,0.04,0.07,0.0,0.0,0.07
24.15,0.05,0.11,0.0,0.0,0.11
24.2,0.06,0.15,0.0,0.0,0.15
24.25,0.06,0.16,0.0,0.0,0.16
24.3,0.06,0.14,0.0,0.0,0.13
24.35,0.05,0.09,0.0,0.0,0.08
24.4,0.04,0.05,0.0,0.0,0.04
24.45,0.03,0.03,0.0,0.0,0.02
24.5,0.02,0.02,0.0,0.0,0.01
24.55,0.01,0.01,0.0,0.0,0.01
24.6,0.01,0.01,0.0,0.0,0.01
24.65,0.01,0.01,0.0,0.0,0.0
24.7,0.01,0.01,0.0,0.0,0.0
24.75,0.01,0.01,0.0,0.0,0.0
24.8,0.01,0.01,0.0,0.0,0.0
24.85,0.01,0.01,0.0,0.0,0.0
24.9,0.01,0.01,0.0,0.0,0.0
24.95,0.01,0.01,0.0,0.0,0.0
25.0,0.02,0.01,0.0,0.0,0.01
25.05,0.02,0.01,0.0,0.0,0.01
25.1,0.02,0.01,0.0,0.0,0.01
25.15,0.02,0.02,0.0,0.0,0.01
25.2,0.02,0.02,0.0,0.0,0.01
25.25,0.03,0.02,0.0,0.0,0.02
25.3,0.03,0.03,0.0,0.0,0.03
25.35,0.04,0.04,0.0,0.0,0.04
25.4,0.06,0.06,0.0,0.0,0.06
25.45,0.09,0.1,0.0,0.0,0.09
25.5,0.15,0.17,0.0,0.0,0.16
25.55,0.25,0.29,0.0,0.0,0.28
25.6,0.39,0.51,0.0,0.0,0.5
25.65,1.56,0.87,0.0,0.0,0.86
25.7,1.73,1.35,0.0,0.0,1.35
25.75,1.86,1.81,0.0,0.0,1.81
25.8,1.89,1.95,0.0,0.0,1.94
25.85,1.83,1.65,0.0,0.0,1.65
25.9,1.69,1.15,0.0,0.0,1.15
25.95,1.51,0.69,0.0,0.0,0.69
26.0,0.35,0.38,0.0,0.0,0.38
26.05,0.22,0.21,0.0,0.0,0.2
26.1,0.13,0.12,0.0,0.0,0.11
26.15,0.08,0.07,0.0,0.0,0.07
26.2,0.05,0.05,0.0,0.0,0.04
26.25,0.04,0.03,0.0,0.0,0.03
26.3,0.03,0.02,0.0,0.0,0.02
26.35,0.03,0.02,0.0,0.0,0.01
26.4,0.02,0.02,0.0,0.0,0.01
26.45,0.02,0.01,0.0,0.0,0.01
26.5,0.02,0.01,0.0,0.0,0.01
26.55,0.02,0.01,0.0,0.0,0.01
26.6,0.01,0.01,0.0,0.0,0.0
26.65,0.01,0.01,0.0,0.0,0.0
26.7,0.01,0.01,0.0,0.0,0.0
26.75,0.01,0.01,0.0,0.0,0.0
26.8,0.01,0.01,0.0,0.0,0.0
26.85,0.01,0.01,0.0,0.0,0.0
26.9,0.01,0.01,0.0,0.0,0.0
26.95,0.01,0.01,0.0,0.0,0.0
27.0,0.01,0.01,0.0,0.0,0.0
27.05,0.01,0.01,0.0,0.0,0.0
27.1,0.01,0.01,0.0,0.0,0.0
27.15,0.01,0.01,0.0,0.0,0.0
27.2,0.01,0.01,0.0,0.0,0.0
27.25,0.01,0.01,0.0,0.0,0.0
27.3,0.01,0.01,0.0,0.0,0.0
27.35,0.01,0.01,0.0,0.0,0.0
27.4,0.01,0.01,0.0,0.0,0.0
27.45,0.01,0.01,0.0,0.0,0.0
27.5,0.01,0.01,0.0,0.0,0.0
27.55,0.01,0.01,0.0,0.0,0.0
27.6,0.01,0.01,0.0,0.0,0.0
27.65,0.01,0.01,0.0,0.0,0.0
27.7,0.01,0.01,0.0,0.0,0.0
27.75,0.01,0.01,0.0,0.0,0.0
27.8,0.0,0.01,0.0,0.0,0.0
27.85,0.0,0.01,0.0,0.0,0.0
27.9,0.0,0.01,0.0,0.0,0.0
27.95,0.0,0.01,0.0,0.0,0.0
28.0,0.0,0.01,0.0,0.0,0.0
28.05,0.0,0.01,0.0,0.0,0.0
28.1,0.01,0.01,0.0,0.0,0.0
28.15,0.01,0.01,0.0,0.0,0.0
28.2,0.01,0.01,0.0,0.0,0.0
28.25,0.01,0.01,0.0,0.0,0.0
28.3,0.01,0.01,0.0,0.0,0.0
28.35,0.01,0.01,0.0,0.0,0.0
28.4,0.01,0.01,0.0,0.0,0.0
28.45,0.01,0.01,0.0,0.0,0.0
28.5,0.01,0.01,0.0,0.0,0.0
28.55,0.01,0.01,0.0,0.0,0.0
28.6,0.01,0.01,0.0,0.0,0.0
28.65,0.01,0.01,0.0,0.0,0.0
28.7,0.01,0.01,0.0,0.0,0.0
28.75,0.01,0.01,0.0,0.0,0.0
28.8,0.01,0.01,0.0,0.0,0.0
28.85,0.01,0.01,0.0,0.0,0.0
28.9,0.01,0.01,0.0,0.0,0.0
28.95,0.01,0.01,0.0,0.0,0.0
29.0,0.01,0.01,0.0,0.0,0.0
29.05,0.01,0.01,0.0,0.0,0.0
29.1,0.01,0.01,0.0,0.0,0.01
29.15,0.01,0.01,0.0,0.0,0.01
29.2,0.01,0.01,0.0,0.0,0.01
29.25,0.02,0.01,0.0,0.0,0.01
29.3,0.02,0.02,0.0,0.0,0.01
29.35,0.02,0.02,0.0,0.0,0.02
29.4,0.02,0.02,0.0,0.0,0.02
29.45,0.03,0.03,0.0,0.0,0.03
29.5,0.04,0.05,0.0,0.0,0.04
29.55,0.05,0.07,0.0,0.0,0.06
29.6,0.08,0.11,0.0,0.0,0.1
29.65,0.14,0.18,0.0,0.0,0.17
29.7,0.23,0.3,0.0,0.0,0.3
29.75,0.36,0.52,0.0,0.0,0.51
29.8,1.51,0.85,0.0,0.0,0.85
29.85,1.66,1.28,0.0,0.0,1.28
29.9,1.76,1.63,0.0,0.0,1.63
29.95,1.77,1.69,0.0,0.0,1.69
30.0,1.7,1.4,0.0,0.0,1.4
30.05,1.57,0.96,0.0,0.0,0.95
30.1,0.41,0.57,0.0,0.0,0.56
30.15,0.27,0.32,0.0,0.0,0.31
30.2,0.17,0.18,0.0,0.0,0.18
30.25,0.1,0.11,0.0,0.0,0.1
30.3,0.06,0.07,0.0,0.0,0.06
30.35,0.04,0.04,0.0,0.0,0.04
30.4,0.03,0.03,0.0,0.0,0.03
30.45,0.03,0.02,0.0,0.0,0.02
30.5,0.02,0.02,0.0,0.0,0.02
30.55,0.02,0.01,0.0,0.0,0.01
30.6,0.02,0.01,0.0,0.0,0.01
30.65,0.02,0.01,0.0,0.0,0.01
30.7,0.01,0.01,0.0,0.0,0.01
30.75,0.01,0.01,0.0,0.0,0.01
30.8,0.01,0.01,0.0,0.0,0.0
30.85,0.01,0.01,0.0,0.0,0.0
30.9,0.01,0.01,0.0,0.0,0.0
30.95,0.01,0.01,0.0,0.0,0.0
31.0,0.01,0.01,0.0,0.0,0.0
31.05,0.01,0.01,0.0,0.0,0.0
31.1,0.01,0.01,0.0,0.0,0.0
31.15,0.01,0.01,0.0,0.0,0.0
31.2,0.01,0.0,0.0,0.0,0.0
31.25,0.01,0.0,0.0,0.0,0.0
31.3,0.01,0.0,0.0,0.0,0.0
31.35,0.01,0.0,0.0,0.0,0.0
31.4,0.01,0.0,0.0,0.0,0.0
31.45,0.01,0.0,0.0,0.0,0.0
31.5,0.01,0.0,0.0,0.0,0.0
31.55,0.01,0.0,0.0,0.0,0.0
31.6,0.01,0.0,0.0,0.0,0.0
31.65,0.01,0.01,0.0,0.0,0.0
31.7,0.01,0.01,0.0,0.0,0.0
31.75,0.01,0.01,0.0,0.0,0.0
31.8,0.01,0.01,0.0,0.0,0.0
31.85,0.01,0.01,0.0,0.0,0.0
31.9,0.01,0.01,0.0,0.0,0.01
31.95,0.01,0.01,0.0,0.0,0.01
32.0,0.01,0.01,0.0,0.0,0.01
32.05,0.01,0.01,0.0,0.0,0.01
32.1,0.02,0.02,0.0,0.0,0.02
32.15,0.02,0.02,0.0,0.0,0.02
32.2,0.03,0.04,0.0,0.0,0.04
32.25,0.05,0.06,0.0,0.0,0.06
32.3,0.09,0.1,0.0,0.0,0.1
32.35,0.13,0.16,0.0,0.0,0.16
32.4,0.19,0.27,0.0,0.0,0.27
32.45,0.25,0.41,0.0,0.0,0.41
32.5,0.28,0.54,0.0,0.0,0.54
32.55,0.29,0.59,0.0,0.0,0.59
32.6,0.27,0.53,0.0,0.0,0.53
32.65,0.22,0.39,0.0,0.0,0.39
32.7,0.16,0.26,0.0,0.0,0.25
32.75,0.11,0.15,0.0,0.0,0.15
32.8,0.07,0.09,0.0,0.0,0.09
32.85,0.04,0.05,0.0,0.0,0.05
32.9,0.03,0.03,0.0,0.0,0.03
32.95,0.02,0.02,0.0,0.0,0.02
33.0,0.01,0.02,0.0,0.0,0.01
33.05,0.01,0.01,0.0,0.0,0.01
33.1,0.01,0.01,0.0,0.0,0.01
33.15,0.01,0.01,0.0,0.0,0.01
33.2,0.01,0.01,0.0,0.0,0.0
33.25,0.01,0.01,0.0,0.0,0.0
33.3,0.01,0.0,0.0,0.0,0.0
33.35,0.01,0.0,0.0,0.0,0.0
33.4,0.01,0.0,0.0,0.0,0.0
33.45,0.01,0.0,0.0,0.0,0.0
33.5,0.01,0.0,0.0,0.0,0.0
33.55,0.01,0.0,0.0,0.0,0.0
33.6,0.01,0.0,0.0,0.0,0.0
33.65,0.01,0.0,0.0,0.0,0.0
33.7,0.01,0.0,0.0,0.0,0.0
33.75,0.01,0.0,0.0,0.0,0.0
33.8,0.01,0.0,0.0,0.0,0.0
33.85,0.01,0.0,0.0,0.0,0.0
33.9,0.01,0.0,0.0,0.0,0.0
33.95,0.01,0.0,0.0,0.0,0.0
34.0,0.01,0.0,0.0,0.0,0.0
34.05,0.01,0.01,0.0,0.0,0.0
34.1,0.01,0.0,0.0,0.0,0.0
34.15,0.01,0.0,0.0,0.0,0.0
34.2,0.01,0.0,0.0,0.0,0.0
34.25,0.01,0.0,0.0,0.0,0.0
34.3,0.01,0.0,0.0,0.0,0.0
34.35,0.01,0.0,0.0,0.0,0.0
34.4,0.01,0.0,0.0,0.0,0.0
34.45,0.01,0.01,0.0,0.0,0.0
34.5,0.01,0.01,0.0,0.0,0.01
34.55,0.01,0.01,0.0,0.0,0.01
34.6,0.02,0.01,0.0,0.0,0.01
34.65,0.02,0.02,0.0,0.0,0.02
34.7,0.03,0.03,0.0,0.0,0.03
34.75,0.03,0.04,0.0,0.0,0.04
34.8,0.03,0.04,0.0,0.0,0.04
34.85,0.03,0.04,0.0,0.0,0.04
34.9,0.03,0.03,0.0,0.0,0.03
34.95,0.02,0.02,0.0,0.0,0.02
35.0,0.02,0.02,0.0,0.0,0.02
35.05,0.02,0.02,0.0,0.0,0.02
35.1,0.02,0.02,0.0,0.0,0.02
35.15,0.02,0.02,0.0,0.0,0.02
35.2,0.02,0.02,0.0,0.0,0.02
35.25,0.02,0.02,0.0,0.0,0.02
35.3,0.03,0.02,0.0,0.0,0.02
35.35,0.03,0.03,0.0,0.0,0.03
35.4,0.03,0.03,0.0,0.0,0.03
35.45,0.04,0.05,0.0,0.0,0.05
35.5,0.05,0.07,0.0,0.0,0.07
35.55,0.07,0.1,0.0,0.0,0.1
35.6,0.12,0.15,0.0,0.0,0.15
35.65,0.19,0.23,0.0,0.0,0.23
35.7,0.31,0.38,0.0,0.0,0.38
35.75,0.48,0.62,0.0,0.0,0.62
35.8,1.68,0.97,0.0,0.0,0.97
35.85,1.86,1.41,0.0,0.0,1.41
35.9,1.98,1.78,0.0,0.0,1.78
35.95,2.0,1.89,0.0,0.0,1.89
36.0,1.91,1.68,0.0,0.0,1.68
36.05,1.74,1.29,0.0,0.0,1.29
36.1,1.54,0.87,0.0,0.0,0.87
36.15,0.36,0.55,0.0,0.0,0.55
36.2,0.23,0.33,0.0,0.0,0.33
36.25,0.14,0.21,0.0,0.0,0.21
36.3,0.09,0.14,0.0,0.0,0.14
36.35,0.06,0.1,0.0,0.0,0.1
36.4,0.05,0.08,0.0,0.0,0.08
36.45,0.05,0.07,0.0,0.0,0.07
36.5,0.06,0.08,0.0,0.0,0.08
36.55,0.08,0.11,0.0,0.0,0.11
36.6,0.11,0.15,-0.0,0.0,0.15
36.65,0.16,0.23,-0.0,0.0,0.23
36.7,0.21,0.34,-0.0,0.0,0.34
36.75,0.26,0.46,-0.0,0.0,0.46
36.8,0.29,0.55,-0.0,0.0,0.55
36.85,0.3,0.54,-0.0,0.0,0.54
36.9,0.27,0.46,-0.0,0.0,0.46
36.95,0.22,0.34,-0.0,0.0,0.34
37.0,0.16,0.23,-0.0,0.0,0.23
37.05,0.11,0.14,-0.0,0.0,0.14
37.1,0.07,0.09,-0.0,0.0,0.09
37.15,0.05,0.06,-0.0,0.0,0.06
37.2,0.03,0.04,-0.0,0.0,0.04
37.25,0.02,0.03,-0.0,0.0,0.03
37.3,0.02,0.02,-0.0,0.0,0.02
37.35,0.02,0.01,-0.0,0.0,0.01
37.4,0.02,0.01,-0.0,0.0,0.01
37.45,0.02,0.01,-0.0,0.0,0.01
37.5,0.02,0.01,-0.0,0.0,0.01
37.55,0.01,0.01,-0.0,0.0,0.01
37.6,0.01,0.01,-0.0,0.0,0.01
37.65,0.01,0.01,-0.0,0.0,0.01
37.7,0.01,0.01,-0.0,0.0,0.01
37.75,0.02,0.01,-0.0,0.0,0.01
37.8,0.02,0.01,-0.0,0.0,0.01
37.85,0.02,0.02,-0.0,0.0,0.02
37.9,0.03,0.03,-0.0,0.0,0.03
37.95,0.04,0.04,-0.0,0.0,0.04
38.0,0.06,0.06,-0.0,0.0,0.06
38.05,0.09,0.09,-0.0,0.0,0.09
38.1,0.13,0.15,-0.0,0.0,0.15
38.15,0.17,0.22,-0.0,0.0,0.22
38.2,0.2,0.31,-0.0,0.0,0.31
38.25,0.22,0.37,-0.0,0.0,0.37
38.3,0.22,0.38,-0.0,0.0,0.38
38.35,0.19,0.34,-0.0,0.0,0.34
38.4,0.15,0.26,-0.0,0.0,0.26
38.45,0.11,0.18,-0.0,0.0,0.18
38.5,0.08,0.12,-0.0,0.0,0.12
38.55,0.05,0.08,-0.0,0.0,0.08
38.6,0.04,0.06,-0.0,0.0,0.06
38.65,0.03,0.05,-0.0,0.0,0.05
38.7,0.03,0.04,-0.0,0.0,0.04
38.75,0.02,0.03,-0.0,0.0,0.03
38.8,0.02,0.02,-0.0,0.0,0.02
38.85,0.02,0.02,-0.0,0.0,0.02
38.9,0.02,0.01,-0.0,0.0,0.01
38.95,0.01,0.01,-0.0,0.0,0.01
39.0,0.01,0.01,-0.0,0.0,0.01
39.05,0.01,0.01,-0.0,0.0,0.01
39.1,0.01,0.01,-0.0,0.0,0.01
39.15,0.01,0.01,-0.0,0.0,0.01
39.2,0.01,0.01,-0.0,0.0,0.01
39.25,0.01,0.01,-0.0,0.0,0.02
39.3,0.02,0.02,-0.0,0.0,0.02
39.35,0.02,0.03,-0.0,0.0,0.03
39.4,0.03,0.04,-0.0,0.0,0.04
39.45,0.04,0.06,-0.0,0.0,0.06
39.5,0.07,0.09,-0.0,0.0,0.09
39.55,0.09,0.14,-0.0,0.0,0.14
39.6,0.13,0.2,-0.0,0.0,0.2
39.65,0.16,0.26,-0.0,0.0,0.26
39.7,0.18,0.3,-0.0,0.0,0.3
39.75,0.19,0.31,-0.0,0.0,0.31
39.8,0.2,0.31,-0.0,0.0,0.31
39.85,0.2,0.31,-0.0,0.0,0.31
39.9,0.2,0.31,-0.0,0.0,0.31
39.95,0.2,0.32,-0.0,0.0,0.32
40.0,0.21,0.32,-0.0,0.0,0.32
40.05,0.21,0.32,-0.0,0.0,0.32
40.1,0.22,0.33,-0.0,0.0,0.33
40.15,0.22,0.34,-0.0,0.0,0.34
40.2,0.21,0.35,-0.0,0.0,0.35
40.25,0.19,0.33,-0.0,0.0,0.33
40.3,0.16,0.28,-0.0,0.0,0.29
40.35,0.13,0.22,-0.0,0.0,0.22
40.4,0.09,0.16,-0.0,0.0,0.16
40.45,0.06,0.1,-0.0,0.0,0.1
40.5,0.04,0.07,-0.0,0.0,0.07
40.55,0.03,0.04,-0.0,0.0,0.04
40.6,0.02,0.03,-0.0,0.0,0.03
40.65,0.01,0.02,-0.0,0.0,0.02
40.7,0.01,0.01,-0.0,0.0,0.01
40.75,0.01,0.01,-0.0,0.0,0.01
40.8,0.01,0.01,-0.0,0.0,0.01
40.85,0.01,0.01,-0.0,0.0,0.01
40.9,0.01,0.0,-0.0,0.0,0.01
40.95,0.01,0.0,-0.0,0.0,0.0
41.0,0.01,0.0,-0.0,0.0,0.0
41.05,0.01,0.0,-0.0,0.0,0.0
41.1,0.01,0.0,-0.0,0.0,0.0
41.15,0.01,0.0,-0.0,0.0,0.0
41.2,0.01,0.0,-0.0,0.0,0.0
41.25,0.01,0.0,-0.0,0.0,0.0
41.3,0.01,0.0,-0.0,0.0,0.0
41.35,0.01,0.0,-0.0,0.0,0.0
41.4,0.01,0.0,-0.0,0.0,0.0
41.45,0.01,0.0,-0.0,0.0,0.0
41.5,0.0,0.0,-0.0,0.0,0.0
41.55,0.0,0.0,-0.0,0.0,0.0
41.6,0.0,0.0,-0.0,0.0,0.0
41.65,0.01,0.0,-0.0,0.0,0.0
41.7,0.01,0.0,-0.0,0.0,0.0
41.75,0.01,0.0,-0.0,0.0,0.0
41.8,0.01,0.0,-0.0,0.0,0.0
41.85,0.01,0.0,-0.0,0.0,0.0
41.9,0.01,0.0,-0.0,0.0,0.0
41.95,0.01,0.0,-0.0,0.0,0.0
42.0,0.01,0.0,-0.0,0.0,0.01
42.05,0.01,0.01,-0.0,0.0,0.01
42.1,0.01,0.01,-0.0,0.0,0.01
42.15,0.01,0.01,-0.0,0.0,0.01
42.2,0.01,0.02,-0.0,0.0,0.02
42.25,0.01,0.02,-0.0,0.0,0.02
42.3,0.02,0.04,-0.0,0.0,0.04
42.35,0.03,0.05,-0.0,0.0,0.05
42.4,0.05,0.08,-0.0,0.0,0.08
42.45,0.08,0.12,-0.0,0.0,0.12
42.5,0.12,0.18,-0.0,0.0,0.18
42.55,0.15,0.23,-0.0,0.0,0.24
42.6,0.18,0.28,-0.0,0.0,0.28
42.65,0.19,0.29,-0.0,0.0,0.29
42.7,0.18,0.27,-0.0,0.0,0.27
42.75,0.15,0.22,-0.0,0.0,0.22
42.8,0.12,0.17,-0.0,0.0,0.17
42.85,0.09,0.12,-0.0,0.0,0.12
42.9,0.06,0.08,-0.0,0.0,0.08
42.95,0.04,0.05,-0.0,0.0,0.05
43.0,0.02,0.04,-0.0,0.0,0.04
43.05,0.02,0.03,-0.0,0.0,0.03
43.1,0.01,0.02,-0.0,0.0,0.02
43.15,0.01,0.02,-0.0,0.0,0.02
43.2,0.01,0.01,-0.0,0.0,0.01
43.25,0.01,0.01,-0.0,0.0,0.01
43.3,0.01,0.01,-0.0,0.0,0.01
43.35,0.01,0.0,-0.0,0.0,0.01
43.4,0.01,0.0,-0.0,0.0,0.0
43.45,0.0,0.0,-0.0,0.0,0.0
43.5,0.0,0.0,-0.0,0.0,0.0
43.55,0.0,0.0,-0.0,0.0,0.0
43.6,0.0,0.0,-0.0,0.0,0.0
43.65,0.0,0.0,-0.0,0.0,0.0
43.7,0.0,0.0,-0.0,0.0,0.0
43.75,0.0,0.0,-0.0,0.0,0.0
43.8,0.0,0.0,-0.0,0.0,0.0
43.85,0.0,0.0,-0.0,0.0,0.0
43.9,0.0,0.0,-0.0,0.0,0.0
43.95,0.0,0.0,-0.0,0.0,0.0
44.0,0.0,0.0,-0.0,0.0,0.0
44.05,0.0,0.0,-0.0,0.0,0.0
44.1,0.0,0.0,-0.0,0.0,0.0
44.15,0.0,0.0,-0.0,0.0,0.0
44.2,0.0,0.0,-0.0,0.0,0.0
44.25,0.0,0.0,-0.0,0.0,0.0
44.3,0.0,0.0,-0.0,0.0,0.0
44.35,0.0,0.01,-0.0,0.0,0.01
44.4,0.01,0.01,-0.0,0.0,0.01
44.45,0.01,0.01,-0.0,0.0,0.01
44.5,0.01,0.02,-0.0,0.0,0.02
44.55,0.02,0.02,-0.0,0.0,0.02
44.6,0.03,0.03,-0.0,0.0,0.03
44.65,0.04,0.05,-0.0,0.0,0.05
44.7,0.05,0.06,-0.0,0.0,0.06
44.75,0.06,0.08,-0.0,0.0,0.08
44.8,0.06,0.08,-0.0,0.0,0.08
44.85,0.05,0.08,-0.0,0.0,0.08
44.9,0.05,0.06,-0.0,0.0,0.06
44.95,0.04,0.05,-0.0,0.0,0.05
45.0,0.03,0.04,-0.0,0.0,0.04
45.05,0.02,0.03,-0.0,0.0,0.03
45.1,0.02,0.02,-0.0,0.0,0.02
45.15,0.02,0.02,-0.0,0.0,0.02
45.2,0.02,0.03,-0.0,0.0,0.03
45.25,0.03,0.03,-0.0,0.0,0.03
45.3,0.03,0.04,-0.0,0.0,0.04
45.35,0.04,0.05,-0.0,0.0,0.05
45.4,0.04,0.06,-0.0,0.0,0.06
45.45,0.04,0.05,-0.0,0.0,0.05
45.5,0.04,0.05,-0.0,0.0,0.05
45.55,0.03,0.04,-0.0,0.0,0.04
45.6,0.02,0.03,-0.0,0.0,0.03
45.65,0.02,0.02,-0.0,0.0,0.02
45.7,0.01,0.01,-0.0,0.0,0.01
45.75,0.01,0.01,-0.0,0.0,0.01
45.8,0.01,0.01,-0.0,0.0,0.01
45.85,0.0,0.0,-0.0,0.0,0.0
45.9,0.0,0.0,-0.0,0.0,0.0
45.95,0.0,0.0,-0.0,0.0,0.0
46.0,0.0,0.0,-0.0,0.0,0.0
46.05,0.0,0.0,-0.0,0.0,0.0
46.1,0.0,0.0,-0.0,0.0,0.0
46.15,0.0,0.0,-0.0,0.0,0.0
46.2,0.0,0.0,-0.0,0.0,0.0
46.25,0.0,0.0,-0.0,0.0,0.0
46.3,0.0,0.0,-0.0,0.0,0.0
46.35,0.0,0.0,-0.0,0.0,0.0
46.4,0.0,0.0,-0.0,0.0,0.0
46.45,0.01,0.01,-0.0,0.0,0.01
46.5,0.01,0.01,-0.0,0.0,0.01
46.55,0.01,0.01,-0.0,0.0,0.01
46.6,0.02,0.02,-0.0,0.0,0.02
46.65,0.02,0.02,0.0,0.0,0.02
46.7,0.03,0.03,0.0,0.0,0.03
46.75,0.03,0.03,0.0,0.0,0.03
46.8,0.03,0.03,0.0,0.0,0.03
46.85,0.02,0.03,0.0,0.0,0.03
46.9,0.02,0.02,0.0,0.0,0.02
46.95,0.01,0.02,0.0,0.0,0.02
47.0,0.01,0.01,0.0,0.0,0.01
47.05,0.01,0.01,0.0,0.0,0.01
47.1,0.0,0.01,0.0,0.0,0.01
47.15,0.0,0.0,0.0,0.0,0.0
47.2,0.0,0.0,0.0,0.0,0.0
47.25,0.0,0.0,0.0,0.0,0.0
47.3,0.0,0.0,0.0,0.0,0.0
47.35,0.0,0.0,0.0,0.0,0.0
47.4,0.0,0.0,0.0,0.0,0.0
47.45,0.0,0.0,0.0,0.0,0.0
47.5,0.0,0.0,0.0,0.0,0.0
47.55,0.0,0.0,0.0,0.0,0.0
47.6,0.0,0.0,0.0,0.0,0.0
47.65,0.0,0.0,0.0,0.0,0.0
47.7,0.0,0.0,0.0,0.0,0.0
47.75,0.0,0.0,0.0,0.0,0.0
47.8,0.0,0.0,0.0,0.0,0.0
47.85,0.0,0.0,0.0,0.0,0.0
47.9,0.0,0.0,0.0,0.0,0.0
47.95,0.0,0.0,0.0,0.0,0.0
48.0,0.0,0.0,0.0,0.0,0.0
48.05,0.0,0.0,0.0,0.0,0.0
48.1,0.0,0.0,0.0,0.0,0.0
48.15,0.0,0.0,0.0,0.0,0.0
48.2,0.0,0.0,0.0,0.0,0.0
48.25,0.0,0.0,0.0,0.0,0.0
48.3,0.01,0.01,0.0,0.0,0.0
48.35,0.01,0.01,0.0,0.0,0.01
48.4,0.01,0.01,0.0,0.0,0.01
48.45,0.01,0.01,0.0,0.0,0.01
48.5,0.02,0.02,0.0,0.0,0.02
48.55,0.02,0.02,0.0,0.0,0.02
48.6,0.02,0.02,0.0,0.0,0.02
48.65,0.02,0.02,0.0,0.0,0.02
48.7,0.02,0.02,0.0,0.0,0.02
48.75,0.01,0.02,0.0,0.0,0.01
48.8,0.01,0.01,0.0,0.0,0.01
48.85,0.01,0.01,0.0,0.0,0.01
48.9,0.01,0.01,0.0,0.0,0.01
48.95,0.01,0.01,0.0,0.0,0.01
49.0,0.01,0.01,0.0,0.0,0.01
49.05,0.01,0.01,0.0,0.0,0.01
49.1,0.01,0.01,0.0,0.0,0.01
49.15,0.01,0.01,0.0,0.0,0.01
49.2,0.01,0.02,0.0,0.0,0.02
49.25,0.01,0.02,0.0,0.0,0.02
49.3,0.02,0.03,0.0,0.0,0.03
49.35,0.02,0.04,0.0,0.0,0.04
49.4,0.04,0.06,0.0,0.0,0.06
49.45,0.06,0.08,0.0,0.0,0.08
49.5,0.08,0.11,0.0,0.0,0.11
49.55,0.1,0.14,0.0,0.0,0.14
49.6,0.13,0.17,0.0,0.0,0.17
49.65,0.14,0.18,0.0,0.0,0.18
49.7,0.14,0.18,0.0,0.0,0.18
49.75,0.13,0.16,0.0,0.0,0.16
49.8,0.11,0.14,0.0,0.0,0.14
49.85,0.09,0.11,0.0,0.0,0.11
49.9,0.07,0.09,0.0,0.0,0.09
49.95,0.05,0.07,0.0,0.0,0.07
50.0,0.03,0.05,0.0,0.0,0.05
50.05,0.03,0.04,0.0,0.0,0.04
50.1,0.02,0.04,0.0,0.0,0.04
50.15,0.02,0.04,0.0,0.0,0.03
50.2,0.02,0.04,0.0,0.0,0.04
50.25,0.03,0.05,0.0,0.0,0.04
50.3,0.04,0.06,0.0,0.0,0.06
50.35,0.05,0.08,0.0,0.0,0.08
50.4,0.07,0.1,0.0,0.0,0.1
50.45,0.1,0.13,0.0,0.0,0.13
50.5,0.13,0.16,0.0,0.0,0.16
50.55,0.15,0.19,0.0,0.0,0.19
50.6,0.18,0.21,0.0,0.0,0.21
50.65,0.18,0.22,0.0,0.0,0.22
50.7,0.18,0.21,0.0,0.0,0.21
50.75,0.16,0.19,0.0,0.0,0.19
50.8,0.14,0.17,0.0,0.0,0.17
50.85,0.12,0.14,0.0,0.0,0.14
50.9,0.1,0.12,0.0,0.0,0.12
50.95,0.09,0.11,0.0,0.0,0.11
51.0,0.09,0.11,0.0,0.0,0.11
51.05,0.09,0.11,0.0,0.0,0.11
51.1,0.08,0.11,0.0,0.0,0.1
51.15,0.07,0.1,0.0,0.0,0.1
51.2,0.06,0.08,0.0,0.0,0.08
51.25,0.05,0.07,0.0,0.0,0.07
51.3,0.04,0.05,0.0,0.0,0.05
51.35,0.03,0.04,0.0,0.0,0.04
51.4,0.02,0.03,0.0,0.0,0.03
51.45,0.01,0.02,0.0,0.0,0.02
51.5,0.01,0.02,0.0,0.0,0.02
51.55,0.01,0.01,0.0,0.0,0.01
51.6,0.01,0.01,0.0,0.0,0.01
51.65,0.01,0.01,0.0,0.0,0.01
51.7,0.01,0.01,0.0,0.0,0.01
51.75,0.01,0.01,0.0,0.0,0.01
51.8,0.01,0.01,0.0,0.0,0.01
51.85,0.01,0.01,0.0,0.0,0.01
51.9,0.01,0.01,0.0,0.0,0.01
51.95,0.01,0.01,0.0,0.0,0.01
52.0,0.01,0.01,0.0,0.0,0.01
52.05,0.01,0.01,0.0,0.0,0.01
52.1,0.01,0.01,0.0,0.0,0.01
52.15,0.01,0.01,0.0,0.0,0.01
52.2,0.01,0.01,0.0,0.0,0.01
52.25,0.01,0.01,0.0,0.0,0.01
52.3,0.01,0.01,0.0,0.0,0.01
52.35,0.01,0.02,0.0,0.0,0.02
52.4,0.01,0.02,0.0,0.0,0.02
52.45,0.02,0.03,0.0,0.0,0.03
52.5,0.02,0.04,0.0,0.0,0.04
52.55,0.02,0.05,0.0,0.0,0.05
52.6,0.03,0.07,0.0,0.0,0.07
52.65,0.05,0.1,0.0,0.0,0.09
52.7,0.08,0.13,0.0,0.0,0.13
52.75,0.12,0.19,0.0,0.0,0.18
52.8,0.18,0.25,0.0,0.0,0.25
52.85,0.25,0.33,0.0,0.0,0.33
52.9,0.33,0.41,0.0,0.0,0.41
52.95,0.39,0.48,0.0,0.0,0.47
53.0,0.43,0.51,0.0,0.0,0.51
53.05,0.44,0.51,0.0,0.0,0.51
53.1,0.41,0.49,0.0,0.0,0.49
53.15,0.36,0.44,0.0,0.0,0.44
53.2,0.3,0.38,0.0,0.0,0.38
53.25,0.23,0.31,0.0,0.0,0.31
53.3,0.17,0.24,0.0,0.0,0.24
53.35,0.12,0.19,0.0,0.0,0.19
53.4,0.08,0.14,0.0,0.0,0.14
53.45,0.06,0.11,0.0,0.0,0.11
53.5,0.04,0.08,0.0,0.0,0.08
53.55,0.03,0.06,0.0,0.0,0.06
53.6,0.03,0.05,0.0,0.0,0.05
53.65,0.03,0.04,0.0,0.0,0.04
53.7,0.03,0.04,0.0,0.0,0.04
53.75,0.03,0.04,0.0,0.0,0.03
53.8,0.02,0.03,0.0,0.0,0.03
53.85,0.02,0.03,0.0,0.0,0.03
53.9,0.02,0.02,0.0,0.0,0.02
53.95,0.01,0.02,0.0,0.0,0.02
54.0,0.01,0.01,0.0,0.0,0.01
54.05,0.01,0.01,0.0,0.0,0.01
54.1,0.01,0.01,0.0,0.0,0.01
54.15,0.01,0.01,0.0,0.0,0.01
54.2,0.01,0.01,0.0,0.0,0.01
54.25,0.01,0.01,0.0,0.0,0.01
54.3,0.01,0.01,0.0,0.0,0.0
54.35,0.01,0.01,0.0,0.0,0.0
54.4,0.01,0.01,0.0,0.0,0.0
54.45,0.01,0.0,0.0,0.0,0.0
54.5,0.01,0.0,0.0,0.0,0.0
54.55,0.01,0.0,0.0,0.0,0.0
54.6,0.01,0.01,0.0,0.0,0.0
54.65,0.01,0.01,0.0,0.0,0.0
54.7,0.01,0.01,0.0,0.0,0.01
54.75,0.01,0.01,0.0,0.0,0.01
54.8,0.01,0.01,0.0,0.0,0.01
54.85,0.01,0.01,0.0,0.0,0.01
54.9,0.01,0.01,0.0,0.0,0.01
54.95,0.01,0.01,0.0,0.0,0.01
55.0,0.01,0.01,0.0,0.0,0.01
55.05,0.01,0.02,0.0,0.0,0.02
55.1,0.01,0.02,0.0,0.0,0.02
55.15,0.02,0.03,0.0,0.0,0.03
55.2,0.03,0.04,0.0,0.0,0.04
55.25,0.04,0.06,0.0,0.0,0.06
55.3,0.06,0.08,0.0,0.0,0.08
55.35,0.09,0.11,0.0,0.0,0.11
55.4,0.12,0.14,0.0,0.0,0.14
55.45,0.15,0.17,0.0,0.0,0.17
55.5,0.17,0.19,0.0,0.0,0.19
55.55,0.18,0.2,0.0,0.0,0.2
55.6,0.17,0.2,0.0,0.0,0.2
55.65,0.15,0.18,0.0,0.0,0.18
55.7,0.13,0.17,0.0,0.0,0.17
55.75,0.11,0.15,0.0,0.0,0.15
55.8,0.1,0.15,0.0,0.0,0.15
55.85,0.11,0.15,0.0,0.0,0.15
55.9,0.13,0.16,0.0,0.0,0.16
55.95,0.16,0.18,0.0,0.0,0.18
56.0,0.18,0.2,0.0,0.0,0.2
56.05,0.19,0.21,0.0,0.0,0.21
56.1,0.19,0.22,0.0,0.0,0.21
56.15,0.17,0.2,0.0,0.0,0.2
56.2,0.14,0.18,0.0,0.0,0.18
56.25,0.1,0.15,0.0,0.0,0.15
56.3,0.07,0.12,0.0,0.0,0.12
56.35,0.05,0.1,0.0,0.0,0.1
56.4,0.03,0.08,0.0,0.0,0.07
56.45,0.03,0.06,0.0,0.0,0.06
56.5,0.02,0.05,0.0,0.0,0.05
56.55,0.02,0.04,0.0,0.0,0.04
56.6,0.02,0.04,0.0,0.0,0.04
56.65,0.02,0.05,0.0,0.0,0.05
56.7,0.02,0.05,0.0,0.0,0.05
56.75,0.03,0.07,0.0,0.0,0.06
56.8,0.05,0.08,0.0,0.0,0.08
56.85,0.07,0.11,0.0,0.0,0.11
56.9,0.11,0.14,0.0,0.0,0.14
56.95,0.15,0.18,0.0,0.0,0.18
57.0,0.19,0.22,0.0,0.0,0.22
57.05,0.22,0.25,0.0,0.0,0.25
57.1,0.24,0.26,0.0,0.0,0.26
57.15,0.24,0.25,0.0,0.0,0.25
57.2,0.21,0.23,0.0,0.0,0.23
57.25,0.17,0.2,0.0,0.0,0.2
57.3,0.13,0.16,0.0,0.0,0.16
57.35,0.09,0.13,0.0,0.0,0.13
57.4,0.06,0.1,0.0,0.0,0.1
57.45,0.04,0.07,0.0,0.0,0.07
57.5,0.03,0.06,0.0,0.0,0.05
57.55,0.02,0.04,0.0,0.0,0.04
57.6,0.02,0.03,0.0,0.0,0.03
57.65,0.01,0.03,0.0,0.0,0.03
57.7,0.01,0.02,0.0,0.0,0.02
57.75,0.01,0.02,0.0,0.0,0.02
57.8,0.01,0.02,0.0,0.0,0.02
57.85,0.02,0.02,0.0,0.0,0.02
57.9,0.02,0.02,0.0,0.0,0.02
57.95,0.02,0.02,0.0,0.0,0.02
58.0,0.03,0.03,0.0,0.0,0.03
58.05,0.03,0.03,0.0,0.0,0.03
58.1,0.03,0.03,0.0,0.0,0.03
58.15,0.03,0.03,0.0,0.0,0.03
58.2,0.03,0.03,0.0,0.0,0.03
58.25,0.03,0.03,0.0,0.0,0.03
58.3,0.02,0.03,0.0,0.0,0.03
58.35,0.02,0.04,0.0,0.0,0.04
58.4,0.02,0.04,0.0,0.0,0.04
58.45,0.03,0.05,0.0,0.0,0.05
58.5,0.04,0.06,0.0,0.0,0.06
58.55,0.06,0.07,0.0,0.0,0.07
58.6,0.08,0.09,0.0,0.0,0.09
58.65,0.1,0.11,0.0,0.0,0.11
58.7,0.12,0.13,0.0,0.0,0.13
58.75,0.13,0.14,0.0,0.0,0.14
58.8,0.13,0.14,0.0,0.0,0.13
58.85,0.12,0.13,0.0,0.0,0.13
58.9,0.1,0.11,0.0,0.0,0.11
58.95,0.08,0.09,0.0,0.0,0.09
59.0,0.05,0.08,0.0,0.0,0.08
59.05,0.04,0.06,0.0,0.0,0.06
59.1,0.02,0.04,0.0,0.0,0.04
59.15,0.02,0.03,0.0,0.0,0.03
59.2,0.01,0.03,0.0,0.0,0.02
59.25,0.01,0.02,0.0,0.0,0.02
59.3,0.01,0.01,0.0,0.0,0.01
59.35,0.01,0.01,0.0,0.0,0.01
59.4,0.01,0.01,0.0,0.0,0.01
59.45,0.01,0.01,0.0,0.0,0.01
59.5,0.01,0.01,0.0,0.0,0.01
59.55,0.01,0.01,0.0,0.0,0.01
59.6,0.01,0.01,0.0,0.0,0.01
59.65,0.01,0.01,0.0,0.0,0.01
59.7,0.01,0.01,0.0,0.0,0.01
59.75,0.01,0.01,0.0,0.0,0.01
59.8,0.01,0.01,0.0,0.0,0.01
59.85,0.01,0.01,0.0,0.0,0.01
59.9,0.01,0.01,-0.0,0.0,0.01
59.95,0.01,0.01,-0.0,0.0,0.01
60.0,0.01,0.01,-0.0,0.0,0.01
60.05,0.01,0.01,-0.0,0.0,0.01
60.1,0.01,0.01,-0.0,0.0,0.01
60.15,0.01,0.01,-0.0,0.0,0.01
60.2,0.01,0.01,-0.0,0.0,0.01
60.25,0.01,0.01,-0.0,0.0,0.01
60.3,0.01,0.01,-0.0,0.0,0.01
60.35,0.01,0.01,-0.0,0.0,0.01
60.4,0.01,0.01,-0.0,0.0,0.01
60.45,0.01,0.01,-0.0,0.0,0.01
60.5,0.01,0.0,-0.0,0.0,0.0
60.55,0.01,0.0,-0.0,0.0,0.0
60.6,0.0,0.0,-0.0,0.0,0.0
60.65,0.0,0.0,-0.0,0.0,0.0
60.7,0.0,0.0,-0.0,0.0,0.0
60.75,0.0,0.0,-0.0,0.0,0.0
60.8,0.0,0.0,-0.0,0.0,0.0
60.85,0.0,0.0,-0.0,0.0,0.0
60.9,0.0,0.0,-0.0,0.0,0.0
60.95,0.0,0.0,-0.0,0.0,0.0
61.0,0.0,0.0,-0.0,0.0,0.0
61.05,0.0,0.0,-0.0,0.0,0.0
61.1,0.01,0.0,-0.0,0.0,0.0
61.15,0.01,0.0,-0.0,0.0,0.0
61.2,0.01,0.0,-0.0,0.0,0.0
61.25,0.01,0.01,-0.0,0.0,0.01
61.3,0.01,0.01,-0.0,0.0,0.01
61.35,0.01,0.01,-0.0,0.0,0.01
61.4,0.01,0.01,-0.0,0.0,0.01
61.45,0.01,0.01,-0.0,0.0,0.01
61.5,0.01,0.01,-0.0,0.0,0.01
61.55,0.01,0.02,-0.0,0.0,0.02
61.6,0.01,0.02,-0.0,0.0,0.02
61.65,0.01,0.03,-0.0,0.0,0.03
61.7,0.02,0.03,-0.0,0.0,0.03
61.75,0.02,0.04,-0.0,0.0,0.04
61.8,0.03,0.06,-0.0,0.0,0.06
61.85,0.04,0.07,-0.0,0.0,0.08
61.9,0.06,0.1,-0.0,0.0,0.1
61.95,0.08,0.12,-0.0,0.0,0.12
62.0,0.11,0.15,-0.0,0.0,0.15
62.05,0.15,0.18,-0.0,0.0,0.18
62.1,0.18,0.21,-0.0,0.0,0.21
62.15,0.21,0.24,-0.0,0.0,0.24
62.2,0.23,0.25,-0.0,0.0,0.25
62.25,0.24,0.27,-0.0,0.0,0.27
62.3,0.25,0.28,-0.0,0.0,0.28
62.35,0.25,0.28,-0.0,0.0,0.28
62.4,0.25,0.29,-0.0,0.0,0.29
62.45,0.25,0.29,-0.0,0.0,0.29
62.5,0.25,0.28,-0.0,0.0,0.28
62.55,0.25,0.28,-0.0,0.0,0.28
62.6,0.25,0.27,-0.0,0.0,0.27
62.65,0.24,0.26,-0.0,0.0,0.26
62.7,0.23,0.25,-0.0,0.0,0.25
62.75,0.2,0.23,-0.0,0.0,0.23
62.8,0.17,0.2,-0.0,0.0,0.21
62.85,0.14,0.18,-0.0,0.0,0.18
62.9,0.11,0.15,-0.0,0.0,0.15
62.95,0.08,0.12,-0.0,0.0,0.12
63.0,0.05,0.1,-0.0,0.0,0.1
63.05,0.04,0.08,-0.0,0.0,0.08
63.1,0.02,0.06,-0.0,0.0,0.06
63.15,0.02,0.05,-0.0,0.0,0.05
63.2,0.01,0.03,-0.0,0.0,0.04
63.25,0.01,0.03,-0.0,0.0,0.03
63.3,0.01,0.02,-0.0,0.0,0.02
63.35,0.01,0.02,-0.0,0.0,0.02
63.4,0.01,0.01,-0.0,0.0,0.01
63.45,0.01,0.01,-0.0,0.0,0.01
63.5,0.01,0.01,-0.0,0.0,0.01
63.55,0.01,0.01,-0.0,0.0,0.01
63.6,0.01,0.01,-0.0,0.0,0.01
63.65,0.01,0.01,-0.0,0.0,0.01
63.7,0.01,0.0,-0.0,0.0,0.01
63.75,0.01,0.0,-0.0,0.0,0.01
63.8,0.01,0.0,-0.0,0.0,0.01
63.85,0.01,0.0,-0.0,0.0,0.01
63.9,0.01,0.0,-0.0,0.0,0.01
63.95,0.01,0.0,-0.0,0.0,0.01
64.0,0.01,0.0,-0.0,0.0,0.01
64.05,0.01,0.01,-0.0,0.0,0.01
64.1,0.01,0.01,-0.0,0.0,0.01
64.15,0.01,0.01,-0.0,0.0,0.01
64.2,0.01,0.01,-0.0,0.0,0.01
64.25,0.01,0.01,-0.0,0.0,0.01
64.3,0.01,0.01,-0.0,0.0,0.02
64.35,0.01,0.02,-0.0,0.0,0.02
64.4,0.02,0.02,-0.0,0.0,0.02
64.45,0.02,0.03,-0.0,0.0,0.03
64.5,0.03,0.03,-0.0,0.0,0.03
64.55,0.04,0.04,-0.0,0.0,0.04
64.6,0.05,0.04,-0.0,0.0,0.04
64.65,0.05,0.05,-0.0,0.0,0.05
64.7,0.05,0.05,-0.0,0.0,0.05
64.75,0.05,0.04,-0.0,0.0,0.04
64.8,0.04,0.04,-0.0,0.0,0.04
64.85,0.04,0.04,-0.0,0.0,0.04
64.9,0.03,0.03,-0.0,0.0,0.03
64.95,0.02,0.03,-0.0,0.0,0.03
65.0,0.02,0.02,-0.0,0.0,0.02
65.05,0.02,0.02,-0.0,0.0,0.02
65.1,0.02,0.02,-0.0,0.0,0.02
65.15,0.01,0.01,-0.0,0.0,0.02
65.2,0.01,0.01,-0.0,0.0,0.01
65.25,0.01,0.01,-0.0,0.0,0.01
65.3,0.01,0.01,-0.0,0.0,0.01
65.35,0.01,0.01,-0.0,0.0,0.01
65.4,0.01,0.01,-0.0,0.0,0.01
65.45,0.0,0.0,-0.0,0.0,0.01
65.5,0.0,0.0,-0.0,0.0,0.01
65.55,0.0,0.0,-0.0,0.0,0.0
65.6,0.0,0.0,-0.0,0.0,0.0
65.65,0.0,0.0,-0.0,0.0,0.0
65.7,0.0,0.0,-0.0,0.0,0.01
65.75,0.0,0.0,-0.0,0.0,0.01
65.8,0.0,0.01,-0.0,0.0,0.01
65.85,0.01,0.01,-0.0,0.0,0.01
65.9,0.01,0.01,-0.0,0.0,0.01
65.95,0.01,0.01,-0.0,0.0,0.01
66.0,0.01,0.01,-0.0,0.0,0.01
66.05,0.01,0.02,-0.0,0.0,0.02
66.1,0.02,0.02,-0.0,0.0,0.02
66.15,0.02,0.02,-0.0,0.0,0.02
66.2,0.03,0.03,-0.0,0.0,0.03
66.25,0.03,0.03,-0.0,0.0,0.03
66.3,0.03,0.03,-0.0,0.0,0.03
66.35,0.04,0.03,-0.0,0.0,0.04
66.4,0.04,0.03,-0.0,0.0,0.04
66.45,0.04,0.03,-0.0,0.0,0.03
66.5,0.03,0.03,-0.0,0.0,0.03
66.55,0.03,0.03,-0.0,0.0,0.03
66.6,0.02,0.03,-0.0,0.0,0.03
66.65,0.02,0.03,-0.0,0.0,0.03
66.7,0.02,0.03,-0.0,0.0,0.03
66.75,0.02,0.03,-0.0,0.0,0.03
66.8,0.02,0.03,-0.0,0.0,0.03
66.85,0.03,0.04,-0.0,0.0,0.04
66.9,0.05,0.04,-0.0,0.0,0.04
66.95,0.06,0.05,-0.0,0.0,0.05
67.0,0.07,0.06,-0.0,0.0,0.06
67.05,0.08,0.06,-0.0,0.0,0.06
67.1,0.08,0.06,-0.0,0.0,0.07
67.15,0.08,0.06,-0.0,0.0,0.06
67.2,0.07,0.06,-0.0,0.0,0.06
67.25,0.05,0.06,-0.0,0.0,0.06
67.3,0.04,0.05,-0.0,0.0,0.05
67.35,0.03,0.04,-0.0,0.0,0.04
67.4,0.02,0.04,-0.0,0.0,0.04
67.45,0.02,0.03,-0.0,0.0,0.03
67.5,0.01,0.03,-0.0,0.0,0.03
67.55,0.01,0.03,-0.0,0.0,0.03
67.6,0.01,0.02,-0.0,0.0,0.03
67.65,0.02,0.02,-0.0,0.0,0.03
67.7,0.02,0.02,-0.0,0.0,0.03
67.75,0.02,0.03,-0.0,0.0,0.03
67.8,0.02,0.03,-0.0,0.0,0.03
67.85,0.02,0.03,-0.0,0.0,0.03
67.9,0.03,0.04,-0.0,0.0,0.04
67.95,0.04,0.04,-0.0,0.0,0.05
68.0,0.05,0.05,-0.0,0.0,0.05
68.05,0.06,0.06,-0.0,0.0,0.06
68.1,0.07,0.06,-0.0,0.0,0.07
68.15,0.08,0.07,-0.0,0.0,0.07
68.2,0.08,0.07,-0.0,0.0,0.07
68.25,0.08,0.07,-0.0,0.0,0.07
68.3,0.07,0.06,-0.0,0.0,0.07
68.35,0.06,0.06,-0.0,0.0,0.06
68.4,0.05,0.05,-0.0,0.0,0.06
68.45,0.04,0.05,-0.0,0.0,0.05
68.5,0.04,0.04,-0.0,0.0,0.05
68.55,0.03,0.04,-0.0,0.0,0.04
68.6,0.03,0.04,-0.0,0.0,0.04
68.65,0.03,0.04,-0.0,0.0,0.04
68.7,0.03,0.03,-0.0,0.0,0.04
68.75,0.04,0.03,-0.0,0.0,0.03
68.8,0.03,0.03,-0.0,0.0,0.03
68.85,0.03,0.03,-0.0,0.0,0.03
68.9,0.03,0.03,-0.0,0.0,0.03
68.95,0.02,0.02,-0.0,0.0,0.03
69.0,0.02,0.02,-0.0,0.0,0.02
69.05,0.02,0.02,-0.0,0.0,0.02
69.1,0.01,0.02,-0.0,0.0,0.02
69.15,0.01,0.01,-0.0,0.0,0.02
69.2,0.01,0.01,-0.0,0.0,0.01
69.25,0.01,0.01,-0.0,0.0,0.01
69.3,0.01,0.01,-0.0,0.0,0.01
69.35,0.01,0.01,-0.0,0.0,0.01
69.4,0.01,0.01,-0.0,0.0,0.01
69.45,0.01,0.01,-0.0,0.0,0.01
69.5,0.01,0.01,-0.0,0.0,0.01
69.55,0.0,0.01,-0.0,0.0,0.01
69.6,0.0,0.01,-0.0,0.0,0.01
69.65,0.01,0.01,-0.0,0.0,0.01
69.7,0.01,0.01,-0.0,0.0,0.01
69.75,0.01,0.01,-0.0,0.0,0.01
69.8,0.01,0.01,-0.0,0.0,0.01
69.85,0.01,0.01,-0.0,0.0,0.01
69.9,0.01,0.01,-0.0,0.0,0.02
69.95,0.02,0.02,-0.0,0.0,0.02
70.0,0.02,0.02,-0.0,0.0,0.02
70.05,0.03,0.03,-0.0,0.0,0.03
70.1,0.04,0.03,-0.0,0.0,0.03
70.15,0.04,0.03,-0.0,0.0,0.03
70.2,0.04,0.03,-0.0,0.0,0.04
70.25,0.04,0.04,-0.0,0.0,0.04
70.3,0.04,0.04,-0.0,0.0,0.04
70.35,0.03,0.04,-0.0,0.0,0.04
70.4,0.03,0.04,-0.0,0.0,0.04
70.45,0.03,0.04,-0.0,0.0,0.05
70.5,0.03,0.05,-0.0,0.0,0.05
70.55,0.03,0.06,-0.0,0.0,0.06
70.6,0.04,0.07,-0.0,0.0,0.07
70.65,0.06,0.08,-0.0,0.0,0.08
70.7,0.08,0.09,-0.0,0.0,0.09
70.75,0.1,0.1,-0.0,0.0,0.1
70.8,0.12,0.11,-0.0,0.0,0.11
70.85,0.13,0.11,-0.0,0.0,0.11
70.9,0.13,0.11,-0.0,0.0,0.11
70.95,0.13,0.1,-0.0,0.0,0.11
71.0,0.11,0.1,-0.0,0.0,0.1
71.05,0.09,0.09,-0.0,0.0,0.09
71.1,0.07,0.07,-0.0,0.0,0.08
71.15,0.05,0.06,-0.0,0.0,0.07
71.2,0.04,0.05,-0.0,0.0,0.05
71.25,0.03,0.04,-0.0,0.0,0.05
71.3,0.02,0.04,-0.0,0.0,0.04
71.35,0.01,0.03,-0.0,0.0,0.03
71.4,0.01,0.02,-0.0,0.0,0.03
71.45,0.01,0.02,-0.0,0.0,0.02
71.5,0.01,0.02,-0.0,0.0,0.02
71.55,0.01,0.02,-0.0,0.0,0.02
71.6,0.01,0.02,-0.0,0.0,0.02
71.65,0.01,0.02,-0.0,0.0,0.02
71.7,0.02,0.02,-0.0,0.0,0.02
71.75,0.02,0.03,-0.0,0.0,0.03
71.8,0.03,0.03,-0.0,0.0,0.03
71.85,0.04,0.03,-0.0,0.0,0.03
71.9,0.04,0.03,-0.0,0.0,0.03
71.95,0.05,0.03,-0.0,0.0,0.04
72.0,0.04,0.03,-0.0,0.0,0.03
72.05,0.04,0.03,-0.0,0.0,0.03
72.1,0.04,0.03,-0.0,0.0,0.03
72.15,0.03,0.03,-0.0,0.0,0.03
72.2,0.02,0.03,-0.0,0.0,0.03
72.25,0.02,0.03,-0.0,0.0,0.03
72.3,0.02,0.03,-0.0,0.0,0.03
72.35,0.02,0.03,-0.0,0.0,0.03
72.4,0.02,0.03,-0.0,0.0,0.03
72.45,0.03,0.03,-0.0,0.0,0.04
72.5,0.03,0.04,-0.0,0.0,0.04
72.55,0.04,0.04,-0.0,0.0,0.04
72.6,0.04,0.05,-0.0,0.0,0.05
72.65,0.04,0.05,-0.0,0.0,0.05
72.7,0.05,0.06,-0.0,0.0,0.06
72.75,0.06,0.06,-0.0,0.0,0.07
72.8,0.07,0.07,-0.0,0.0,0.08
72.85,0.08,0.08,-0.0,0.0,0.08
72.9,0.1,0.09,-0.0,0.0,0.09
72.95,0.12,0.1,-0.0,0.0,0.1
73.0,0.13,0.1,-0.0,0.0,0.1
73.05,0.14,0.1,-0.0,0.0,0.1
73.1,0.13,0.1,-0.0,0.0,0.1
73.15,0.12,0.09,-0.0,0.0,0.09
73.2,0.1,0.08,-0.0,0.0,0.09
73.25,0.08,0.08,-0.0,0.0,0.08
73.3,0.06,0.06,-0.0,0.0,0.07
73.35,0.04,0.05,-0.0,0.0,0.06
73.4,0.03,0.05,-0.0,0.0,0.05
73.45,0.02,0.04,-0.0,0.0,0.04
73.5,0.02,0.03,-0.0,0.0,0.03
73.55,0.01,0.02,-0.0,0.0,0.03
73.6,0.01,0.02,-0.0,0.0,0.02
73.65,0.01,0.02,-0.0,0.0,0.02
73.7,0.01,0.02,-0.0,0.0,0.02
73.75,0.01,0.01,-0.0,0.0,0.02
73.8,0.01,0.01,-0.0,0.0,0.02
73.85,0.01,0.01,-0.0,0.0,0.02
73.9,0.01,0.01,-0.0,0.0,0.02
73.95,0.01,0.02,-0.0,0.0,0.02
74.0,0.02,0.02,-0.0,0.0,0.02
74.05,0.02,0.02,-0.0,0.0,0.02
74.1,0.03,0.02,-0.0,0.0,0.02
74.15,0.03,0.02,-0.0,0.0,0.03
74.2,0.04,0.03,-0.0,0.0,0.03
74.25,0.04,0.03,-0.0,0.0,0.03
74.3,0.04,0.03,-0.0,0.0,0.03
74.35,0.04,0.03,-0.0,0.0,0.03
74.4,0.03,0.02,-0.0,0.0,0.03
74.45,0.03,0.02,-0.0,0.0,0.02
74.5,0.02,0.02,-0.0,0.0,0.02
74.55,0.02,0.02,-0.0,0.0,0.02
74.6,0.01,0.02,-0.0,0.0,0.02
74.65,0.01,0.02,-0.0,0.0,0.02
74.7,0.01,0.02,-0.0,0.0,0.02
74.75,0.01,0.02,-0.0,0.0,0.02
74.8,0.02,0.03,-0.0,0.0,0.03
74.85,0.02,0.03,-0.0,0.0,0.03
74.9,0.03,0.04,-0.0,0.0,0.04
74.95,0.05,0.04,-0.0,0.0,0.04
75.0,0.06,0.05,-0.0,0.0,0.05
75.05,0.08,0.06,-0.0,0.0,0.06
75.1,0.09,0.06,-0.0,0.0,0.06
75.15,0.1,0.06,-0.0,0.0,0.07
75.2,0.1,0.07,-0.0,0.0,0.07
75.25,0.09,0.06,-0.0,0.0,0.07
75.3,0.08,0.06,-0.0,0.0,0.06
75.35,0.06,0.06,-0.0,0.0,0.06
75.4,0.05,0.05,-0.0,0.0,0.05
75.45,0.04,0.05,-0.0,0.0,0.05
75.5,0.03,0.04,-0.0,0.0,0.04
75.55,0.03,0.04,-0.0,0.0,0.04
75.6,0.03,0.04,-0.0,0.0,0.04
75.65,0.03,0.03,-0.0,0.0,0.03
75.7,0.02,0.03,-0.0,0.0,0.03
75.75,0.02,0.03,-0.0,0.0,0.03
75.8,0.02,0.02,-0.0,0.0,0.03
75.85,0.02,0.02,-0.0,0.0,0.02
75.9,0.02,0.02,-0.0,0.0,0.02
75.95,0.02,0.02,-0.0,0.0,0.02
76.0,0.02,0.02,-0.0,0.0,0.02
76.05,0.02,0.02,-0.0,0.0,0.02
76.1,0.02,0.02,-0.0,0.0,0.03
76.15,0.02,0.03,-0.0,0.0,0.03
76.2,0.03,0.03,-0.0,0.0,0.03
76.25,0.03,0.03,-0.0,0.0,0.03
76.3,0.04,0.03,-0.0,0.0,0.03
76.35,0.04,0.03,-0.0,0.0,0.03
76.4,0.04,0.03,-0.0,0.0,0.03
76.45,0.04,0.03,-0.0,0.0,0.03
76.5,0.03,0.03,-0.0,0.0,0.03
76.55,0.03,0.03,-0.0,0.0,0.03
76.6,0.03,0.02,-0.0,0.0,0.03
76.65,0.02,0.02,-0.0,0.0,0.02
76.7,0.02,0.02,-0.0,0.0,0.02
76.75,0.02,0.02,-0.0,0.0,0.02
76.8,0.02,0.02,-0.0,0.0,0.02
76.85,0.02,0.02,-0.0,0.0,0.02
76.9,0.02,0.02,-0.0,0.0,0.02
76.95,0.02,0.02,-0.0,0.0,0.02
77.0,0.02,0.01,-0.0,0.0,0.01
77.05,0.01,0.01,-0.0,0.0,0.01
77.1,0.01,0.01,-0.0,0.0,0.01
77.15,0.01,0.01,-0.0,0.0,0.01
77.2,0.01,0.01,-0.0,0.0,0.01
77.25,0.01,0.01,-0.0,0.0,0.01
77.3,0.01,0.01,-0.0,0.0,0.01
77.35,0.01,0.01,-0.0,0.0,0.01
77.4,0.01,0.01,-0.0,0.0,0.01
77.45,0.0,0.01,-0.0,0.0,0.01
77.5,0.0,0.01,-0.0,0.0,0.01
77.55,0.0,0.01,-0.0,0.0,0.01
77.6,0.0,0.01,-0.0,0.0,0.01
77.65,0.0,0.01,-0.0,0.0,0.01
77.7,0.0,0.01,-0.0,0.0,0.01
77.75,0.0,0.01,-0.0,0.0,0.01
77.8,0.01,0.01,-0.0,0.0,0.01
77.85,0.01,0.01,-0.0,0.0,0.01
77.9,0.01,0.01,-0.0,0.0,0.01
77.95,0.01,0.02,-0.0,0.0,0.02
78.0,0.01,0.02,-0.0,0.0,0.02
78.05,0.02,0.02,0.0,0.0,0.02
78.1,0.02,0.03,0.0,0.0,0.03
78.15,0.03,0.03,0.0,0.0,0.03
78.2,0.03,0.03,0.0,0.0,0.03
78.25,0.04,0.04,0.0,0.0,0.04
78.3,0.05,0.04,0.0,0.0,0.04
78.35,0.05,0.04,0.0,0.0,0.04
78.4,0.06,0.05,0.0,0.0,0.05
78.45,0.06,0.05,0.0,0.0,0.05
78.5,0.07,0.05,0.0,0.0,0.05
78.55,0.07,0.05,0.0,0.0,0.05
78.6,0.07,0.05,0.0,0.0,0.05
78.65,0.07,0.05,0.0,0.0,0.05
78.7,0.07,0.05,0.0,0.0,0.05
78.75,0.06,0.05,0.0,0.0,0.04
78.8,0.05,0.04,0.0,0.0,0.04
78.85,0.04,0.04,0.0,0.0,0.04
78.9,0.04,0.03,0.0,0.0,0.03
78.95,0.03,0.03,0.0,0.0,0.03
79.0,0.02,0.03,0.0,0.0,0.03
79.05,0.02,0.02,0.0,0.0,0.02
79.1,0.01,0.02,0.0,0.0,0.02
79.15,0.01,0.02,0.0,0.0,0.02
79.2,0.01,0.01,0.0,0.0,0.01
79.25,0.01,0.01,0.0,0.0,0.01
79.3,0.01,0.01,0.0,0.0,0.01
79.35,0.01,0.01,0.0,0.0,0.01
79.4,0.01,0.01,0.0,0.0,0.01
79.45,0.0,0.01,0.0,0.0,0.01
79.5,0.0,0.01,0.0,0.0,0.01
79.55,0.0,0.01,0.0,0.0,0.0
79.6,0.0,0.01,0.0,0.0,0.0
79.65,0.0,0.0,0.0,0.0,0.0
79.7,0.0,0.0,0.0,0.0,0.0
79.75,0.0,0.0,0.0,0.0,0.0
79.8,0.0,0.0,0.0,0.0,0.0
79.85,0.0,0.0,0.0,0.0,0.0
79.9,0.0,0.0,0.0,0.0,0.0
79.95,0.0,0.0,0.0,0.0,0.0
80.0,0.0,0.0,0.0,0.0,0.0
80.05,0.0,0.0,0.0,0.0,0.0
80.1,0.0,0.0,0.0,0.0,0.0
80.15,0.0,0.0,0.0,0.0,0.0
80.2,0.0,0.0,0.0,0.0,0.0
80.25,0.0,0.0,0.0,0.0,0.0
80.3,0.0,0.01,0.0,0.0,0.0
80.35,0.0,0.01,0.0,0.0,0.0
80.4,0.0,0.01,0.0,0.0,0.01
80.45,0.01,0.01,0.0,0.0,0.01
80.5,0.01,0.01,0.0,0.0,0.01
80.55,0.01,0.01,0.0,0.0,0.01
80.6,0.01,0.01,0.0,0.0,0.01
80.65,0.01,0.01,0.0,0.0,0.01
80.7,0.02,0.01,0.0,0.0,0.01
80.75,0.02,0.01,0.0,0.0,0.01
80.8,0.02,0.01,0.0,0.0,0.01
80.85,0.01,0.01,0.0,0.0,0.01
80.9,0.01,0.01,0.0,0.0,0.01
80.95,0.01,0.01,0.0,0.0,0.01
81.0,0.01,0.01,0.0,0.0,0.01
81.05,0.01,0.01,0.0,0.0,0.01
81.1,0.0,0.01,0.0,0.0,0.0
81.15,0.0,0.01,0.0,0.0,0.0
81.2,0.0,0.01,0.0,0.0,0.0
81.25,0.0,0.0,0.0,0.0,0.0
81.3,0.0,0.0,0.0,0.0,0.0
81.35,0.0,0.0,0.0,0.0,0.0
81.4,0.0,0.0,0.0,0.0,0.0
81.45,0.0,0.0,0.0,0.0,0.0
81.5,0.0,0.0,0.0,0.0,0.0
81.55,0.0,0.0,0.0,0.0,0.0
81.6,0.0,0.0,0.0,0.0,0.0
81.65,0.0,0.0,0.0,0.0,0.0
81.7,0.0,0.0,0.0,0.0,0.0
81.75,0.0,0.0,0.0,0.0,0.0
81.8,0.0,0.0,0.0,0.0,0.0
81.85,0.0,0.0,0.0,0.0,0.0
81.9,0.0,0.0,0.0,0.0,0.0
81.95,0.0,0.0,0.0,0.0,0.0
82.0,0.0,0.0,0.0,0.0,0.0
82.05,0.0,0.0,0.0,0.0,0.0
82.1,0.0,0.0,0.0,0.0,0.0
82.15,0.0,0.01,0.0,0.0,0.0
82.2,0.0,0.01,0.0,0.0,0.0
82.25,0.0,0.01,0.0,0.0,0.0
82.3,0.0,0.01,0.0,0.0,0.0
82.35,0.0,0.01,0.0,0.0,0.0
82.4,0.0,0.01,0.0,0.0,0.01
82.45,0.0,0.01,0.0,0.0,0.01
82.5,0.01,0.01,0.0,0.0,0.01
82.55,0.01,0.01,0.0,0.0,0.01
82.6,0.01,0.01,0.0,0.0,0.01
82.65,0.01,0.01,0.0,0.0,0.01
82.7,0.01,0.02,0.0,0.0,0.01
82.75,0.02,0.02,0.0,0.0,0.01
82.8,0.02,0.02,0.0,0.0,0.02
82.85,0.02,0.02,0.0,0.0,0.02
82.9,0.02,0.02,0.0,0.0,0.02
82.95,0.03,0.02,0.0,0.0,0.02
83.0,0.03,0.02,0.0,0.0,0.02
83.05,0.03,0.02,0.0,0.0,0.02
83.1,0.02,0.02,0.0,0.0,0.02
83.15,0.02,0.02,0.0,0.0,0.02
83.2,0.02,0.02,0.0,0.0,0.02
83.25,0.02,0.02,0.0,0.0,0.02
83.3,0.02,0.02,0.0,0.0,0.02
83.35,0.01,0.02,0.0,0.0,0.02
83.4,0.02,0.02,0.0,0.0,0.02
83.45,0.02,0.02,0.0,0.0,0.02
83.5,0.02,0.03,0.0,0.0,0.02
83.55,0.02,0.03,0.0,0.0,0.02
83.6,0.03,0.03,0.0,0.0,0.02
83.65,0.03,0.03,0.0,0.0,0.02
83.7,0.03,0.03,0.0,0.0,0.03
83.75,0.03,0.03,0.0,0.0,0.03
83.8,0.03,0.03,0.0,0.0,0.03
83.85,0.04,0.03,0.0,0.0,0.03
83.9,0.04,0.04,0.0,0.0,0.03
83.95,0.04,0.04,0.0,0.0,0.03
84.0,0.05,0.04,0.0,0.0,0.03
84.05,0.05,0.04,0.0,0.0,0.03
84.1,0.05,0.04,0.0,0.0,0.03
84.15,0.05,0.04,0.0,0.0,0.03
84.2,0.05,0.04,0.0,0.0,0.03
84.25,0.04,0.04,0.0,0.0,0.03
84.3,0.04,0.04,0.0,0.0,0.03
84.35,0.03,0.04,0.0,0.0,0.03
84.4,0.03,0.04,0.0,0.0,0.03
84.45,0.03,0.04,0.0,0.0,0.03
84.5,0.03,0.04,0.0,0.0,0.04
84.55,0.04,0.04,0.0,0.0,0.04
84.6,0.04,0.04,0.0,0.0,0.04
84.65,0.05,0.05,0.0,0.0,0.04
84.7,0.06,0.05,0.0,0.0,0.04
84.75,0.06,0.05,0.0,0.0,0.05
84.8,0.07,0.05,0.0,0.0,0.05
84.85,0.07,0.05,0.0,0.0,0.05
84.9,0.08,0.05,0.0,0.0,0.05
84.95,0.07,0.05,0.0,0.0,0.05
85.0,0.07,0.05,0.0,0.0,0.05
85.05,0.06,0.05,0.0,0.0,0.04
85.1,0.05,0.05,0.0,0.0,0.04
85.15,0.04,0.04,0.0,0.0,0.04
85.2,0.04,0.04,0.0,0.0,0.04
85.25,0.03,0.04,0.0,0.0,0.03
85.3,0.03,0.04,0.0,0.0,0.03
85.35,0.02,0.04,0.0,0.0,0.03
85.4,0.02,0.03,0.0,0.0,0.03
85.45,0.02,0.03,0.0,0.0,0.03
85.5,0.02,0.03,0.0,0.0,0.03
85.55,0.02,0.03,0.01,0.0,0.03
85.6,0.02,0.03,0.01,0.0,0.03
85.65,0.03,0.03,0.01,0.0,0.03
85.7,0.03,0.03,0.01,0.0,0.03
85.75,0.03,0.03,0.01,0.0,0.03
85.8,0.03,0.03,0.01,0.0,0.03
85.85,0.04,0.03,0.01,0.0,0.03
85.9,0.04,0.03,0.01,0.0,0.03
85.95,0.04,0.04,0.01,0.0,0.03
86.0,0.04,0.04,0.01,0.0,0.03
86.05,0.04,0.04,0.01,0.0,0.03
86.1,0.04,0.04,0.01,0.0,0.03
86.15,0.04,0.04,0.01,0.0,0.03
86.2,0.04,0.04,0.01,0.0,0.03
86.25,0.05,0.04,0.01,0.0,0.03
86.3,0.04,0.04,0.01,0.0,0.03
86.35,0.04,0.04,0.01,0.0,0.03
86.4,0.04,0.04,0.01,0.0,0.03
86.45,0.04,0.03,0.01,0.0,0.03
86.5,0.03,0.03,0.01,0.0,0.03
86.55,0.03,0.03,0.01,0.0,0.03
86.6,0.03,0.03,0.01,0.0,0.02
86.65,0.03,0.03,0.01,0.0,0.02
86.7,0.02,0.03,0.01,0.0,0.02
86.75,0.02,0.03,0.01,0.0,0.02
86.8,0.02,0.02,0.01,0.0,0.02
86.85,0.02,0.02,0.01,0.0,0.02
86.9,0.01,0.02,0.01,0.0,0.01
86.95,0.01,0.02,0.01,0.0,0.01
87.0,0.01,0.02,0.01,0.0,0.01
87.05,0.01,0.02,0.01,0.0,0.01
87.1,0.01,0.02,0.01,0.0,0.01
87.15,0.01,0.02,0.01,0.0,0.01
87.2,0.01,0.01,0.01,0.0,0.01
87.25,0.01,0.01,0.01,0.0,0.01
87.3,0.01,0.01,0.01,0.0,0.01
87.35,0.01,0.01,0.01,0.0,0.01
87.4,0.01,0.01,0.01,0.0,0.01
87.45,0.01,0.01,0.01,0.0,0.01
87.5,0.01,0.01,0.01,0.0,0.01
87.55,0.01,0.01,0.01,0.0,0.01
87.6,0.01,0.01,0.01,0.0,0.01
87.65,0.01,0.01,0.01,0.0,0.01
87.7,0.01,0.01,0.01,0.0,0.01
87.75,0.01,0.01,0.01,0.0,0.01
87.8,0.01,0.02,0.01,0.0,0.01
87.85,0.01,0.02,0.01,0.0,0.01
87.9,0.01,0.02,0.01,0.0,0.01
87.95,0.01,0.02,0.01,0.0,0.01
88.0,0.01,0.02,0.01,0.0,0.01
88.05,0.01,0.02,0.01,0.0,0.02
88.1,0.01,0.03,0.01,0.0,0.02
88.15,0.01,0.03,0.01,0.0,0.02
88.2,0.02,0.03,0.01,0.0,0.03
88.25,0.03,0.04,0.01,0.0,0.03
88.3,0.04,0.04,0.01,0.0,0.03
88.35,0.05,0.05,0.01,0.0,0.04
88.4,0.06,0.05,0.01,0.0,0.04
88.45,0.07,0.05,0.01,0.0,0.05
88.5,0.08,0.06,0.01,0.0,0.05
88.55,0.09,0.06,0.01,0.0,0.05
88.6,0.1,0.06,0.01,0.0,0.05
88.65,0.09,0.06,0.01,0.0,0.05
88.7,0.09,0.06,0.01,0.0,0.05
88.75,0.08,0.06,0.01,0.0,0.05
88.8,0.07,0.06,0.01,0.0,0.05
88.85,0.06,0.06,0.01,0.0,0.05
88.9,0.05,0.05,0.01,0.0,0.05
88.95,0.04,0.05,0.01,0.0,0.04
89.0,0.04,0.05,0.01,0.0,0.04
89.05,0.03,0.05,0.01,0.0,0.04
89.1,0.03,0.05,0.01,0.0,0.04
89.15,0.03,0.05,0.01,0.0,0.04
89.2,0.04,0.05,0.01,0.0,0.04
89.25,0.05,0.05,0.01,0.0,0.04
89.3,0.05,0.05,0.01,0.0,0.04
89.35,0.06,0.05,0.01,0.0,0.04
89.4,0.07,0.05,0.01,0.0,0.04
89.45,0.07,0.05,0.01,0.0,0.04
89.5,0.07,0.04,0.01,0.0,0.04
89.55,0.06,0.04,0.01,0.0,0.03
89.6,0.05,0.04,0.01,0.0,0.03
89.65,0.04,0.04,0.01,0.0,0.03
89.7,0.03,0.03,0.01,0.0,0.03
89.75,0.03,0.03,0.01,0.0,0.02
89.8,0.02,0.03,0.01,0.0,0.02
89.85,0.01,0.03,0.01,0.0,0.02
89.9,0.01,0.02,0.01,0.0,0.02
89.95,0.01,0.02,0.01,0.0,0.01
